序号,传输方向,时间戳,ID,帧格式,帧类型,长度,数据,
524288,接收,15:18:58.884.0,0x000003c2,标准帧,数据帧,0x08,7F FF FF FC 00 12 05 32 ,
524289,接收,15:18:58.884.0,0x000003c2,标准帧,数据帧,0x08,7F FF FF FC 00 12 05 32 ,
524290,接收,15:18:58.900.0,0x000003c2,标准帧,数据帧,0x08,7F FF FF FC 00 12 05 32 ,
524291,接收,15:18:58.916.0,0x000003c2,标准帧,数据帧,0x08,7F FF FF FC 00 12 05 32 ,
524292,接收,15:18:58.916.0,0x000003c2,标准帧,数据帧,0x08,7F FF FF FC 00 12 05 32 ,
524293,接收,15:18:58.932.0,0x000003c2,标准帧,数据帧,0x08,7F FF FF FD 00 12 05 32 ,
524294,接收,15:18:58.948.0,0x000003c2,标准帧,数据帧,0x08,7F FF FF FE 00 12 05 32 ,
524295,接收,15:18:58.948.0,0x000003c2,标准帧,数据帧,0x08,7F FF FF FE 00 12 05 32 ,
524296,接收,15:18:58.962.0,0x000003c2,标准帧,数据帧,0x08,7F FF FF FE 00 12 05 32 ,
524297,接收,15:18:58.978.0,0x000003c2,标准帧,数据帧,0x08,7F FF FF FE 00 12 05 32 ,
524298,接收,15:18:58.978.0,0x000003c2,标准帧,数据帧,0x08,7F FF FF FF 00 12 05 32 ,
524299,接收,15:18:58.994.0,0x000003c2,标准帧,数据帧,0x08,7F FF FF FF 00 12 05 32 ,
524300,接收,15:18:58.994.0,0x000003c2,标准帧,数据帧,0x08,80 00 00 01 00 12 05 32 ,
524301,接收,15:18:59.009.0,0x000003c2,标准帧,数据帧,0x08,80 00 00 01 00 12 05 32 ,
524302,接收,15:18:59.024.0,0x000003c2,标准帧,数据帧,0x08,80 00 00 01 00 12 05 32 ,
524303,接收,15:18:59.024.0,0x000003c2,标准帧,数据帧,0x08,80 00 00 01 00 12 05 32 ,
524304,接收,15:18:59.040.0,0x000003c2,标准帧,数据帧,0x08,80 00 00 01 00 12 05 32 ,
524305,接收,15:18:59.055.0,0x000003c2,标准帧,数据帧,0x08,80 00 00 00 00 12 05 32 ,
524306,接收,15:18:59.055.0,0x000003c2,标准帧,数据帧,0x08,7F FF FF FF 00 12 05 32 ,
524307,接收,15:18:59.071.0,0x000003c2,标准帧,数据帧,0x08,7F FF FF FE 00 12 05 32 ,
524308,接收,15:18:59.086.0,0x000003c2,标准帧,数据帧,0x08,7F FF FF FE 00 12 05 32 ,
524309,接收,15:18:59.086.0,0x000003c2,标准帧,数据帧,0x08,7F FF FF FE 00 12 05 32 ,
524310,接收,15:18:59.102.0,0x000003c2,标准帧,数据帧,0x08,7F FF FF FE 00 12 05 32 ,
524311,接收,15:18:59.118.0,0x000003c2,标准帧,数据帧,0x08,7F FF FF FE 00 12 05 32 ,
524312,接收,15:18:59.118.0,0x000003c2,标准帧,数据帧,0x08,7F FF FF FF 00 12 05 32 ,
524313,接收,15:18:59.134.0,0x000003c2,标准帧,数据帧,0x08,80 00 00 00 00 12 05 32 ,
524314,接收,15:18:59.134.0,0x000003c2,标准帧,数据帧,0x08,80 00 00 00 00 12 05 32 ,
524315,接收,15:18:59.150.0,0x000003c2,标准帧,数据帧,0x08,80 00 00 00 00 12 05 32 ,
524316,接收,15:18:59.166.0,0x000003c2,标准帧,数据帧,0x08,80 00 00 00 00 12 05 32 ,
524317,接收,15:18:59.166.0,0x000003c2,标准帧,数据帧,0x08,80 00 00 00 00 12 05 32 ,
524318,接收,15:18:59.181.0,0x000003c2,标准帧,数据帧,0x08,7F FF FF FF 00 12 05 32 ,
524319,接收,15:18:59.197.0,0x000003c2,标准帧,数据帧,0x08,7F FF FF FF 00 12 05 32 ,
524320,接收,15:18:59.197.0,0x000003c2,标准帧,数据帧,0x08,7F FF FF FF 00 12 05 32 ,
524321,接收,15:18:59.212.0,0x000003c2,标准帧,数据帧,0x08,80 00 00 01 00 12 05 32 ,
524322,接收,15:18:59.212.0,0x000003c2,标准帧,数据帧,0x08,80 00 00 02 00 12 05 32 ,
524323,接收,15:18:59.228.0,0x000003c2,标准帧,数据帧,0x08,80 00 00 02 00 12 05 32 ,
524324,接收,15:18:59.244.0,0x000003c2,标准帧,数据帧,0x08,80 00 00 01 00 12 05 32 ,
524325,接收,15:18:59.244.0,0x000003c2,标准帧,数据帧,0x08,80 00 00 00 00 12 05 32 ,
524326,接收,15:18:59.259.0,0x000003c2,标准帧,数据帧,0x08,7F FF FF FF 00 12 05 32 ,
524327,接收,15:18:59.275.0,0x000003c2,标准帧,数据帧,0x08,7F FF FF FE 00 12 05 32 ,
524328,接收,15:18:59.275.0,0x000003c2,标准帧,数据帧,0x08,7F FF FF FD 00 12 05 32 ,
524329,接收,15:18:59.291.0,0x000003c2,标准帧,数据帧,0x08,7F FF FF FC 00 12 05 32 ,
524330,接收,15:18:59.306.0,0x000003c2,标准帧,数据帧,0x08,7F FF FF FC 00 12 05 32 ,
524331,接收,15:18:59.306.0,0x000003c2,标准帧,数据帧,0x08,7F FF FF FD 00 12 05 32 ,
524332,接收,15:18:59.321.0,0x000003c2,标准帧,数据帧,0x08,7F FF FF FD 00 12 05 32 ,
524333,接收,15:18:59.338.0,0x000003c2,标准帧,数据帧,0x08,7F FF FF FE 00 12 05 32 ,
524334,接收,15:18:59.338.0,0x000003c2,标准帧,数据帧,0x08,7F FF FF FE 00 12 05 32 ,
524335,接收,15:18:59.353.0,0x000003c2,标准帧,数据帧,0x08,7F FF FF FF 00 12 05 32 ,
524336,接收,15:18:59.353.0,0x000003c2,标准帧,数据帧,0x08,80 00 00 00 00 12 05 32 ,
524337,接收,15:18:59.369.0,0x000003c2,标准帧,数据帧,0x08,80 00 00 00 00 12 05 32 ,
524338,接收,15:18:59.384.0,0x000003c2,标准帧,数据帧,0x08,7F FF FF FF 00 12 05 32 ,
524339,接收,15:18:59.384.0,0x000003c2,标准帧,数据帧,0x08,7F FF FF FE 00 12 05 32 ,
524340,接收,15:18:59.400.0,0x000003c2,标准帧,数据帧,0x08,7F FF FF FE 00 12 05 32 ,
524341,接收,15:18:59.416.0,0x000003c2,标准帧,数据帧,0x08,7F FF FF FE 00 12 05 32 ,
524342,接收,15:18:59.416.0,0x000003c2,标准帧,数据帧,0x08,7F FF FF FE 00 12 05 32 ,
524343,接收,15:18:59.432.0,0x000003c2,标准帧,数据帧,0x08,7F FF FF FD 00 12 05 32 ,
524344,接收,15:18:59.432.0,0x000003c2,标准帧,数据帧,0x08,7F FF FF FD 00 12 05 32 ,
524345,接收,15:18:59.448.0,0x000003c2,标准帧,数据帧,0x08,7F FF FF FE 00 12 05 32 ,
524346,接收,15:18:59.463.0,0x000003c2,标准帧,数据帧,0x08,7F FF FF FF 00 12 05 32 ,
524347,接收,15:18:59.463.0,0x000003c2,标准帧,数据帧,0x08,7F FF FF FE 00 12 05 32 ,
524348,接收,15:18:59.479.0,0x000003c2,标准帧,数据帧,0x08,7F FF FF FC 00 12 05 32 ,
524349,接收,15:18:59.495.0,0x000003c2,标准帧,数据帧,0x08,7F FF FF FB 00 12 05 32 ,
524350,接收,15:18:59.495.0,0x000003c2,标准帧,数据帧,0x08,7F FF FF FB 00 12 05 32 ,
524351,接收,15:18:59.511.0,0x000003c2,标准帧,数据帧,0x08,7F FF FF FB 00 12 05 32 ,
524352,接收,15:18:59.512.0,0x000003c2,标准帧,数据帧,0x08,7F FF FF FB 00 12 05 32 ,
524353,接收,15:18:59.527.0,0x000003c2,标准帧,数据帧,0x08,7F FF FF FB 00 12 05 32 ,
524354,接收,15:18:59.543.0,0x000003c2,标准帧,数据帧,0x08,7F FF FF FB 00 12 05 32 ,
524355,接收,15:18:59.543.0,0x000003c2,标准帧,数据帧,0x08,7F FF FF FB 00 12 05 32 ,
524356,接收,15:18:59.559.0,0x000003c2,标准帧,数据帧,0x08,7F FF FF FA 00 12 05 32 ,
524357,接收,15:18:59.575.0,0x000003c2,标准帧,数据帧,0x08,7F FF FF FA 00 12 05 32 ,
524358,接收,15:18:59.575.0,0x000003c2,标准帧,数据帧,0x08,7F FF FF FB 00 12 05 32 ,
524359,接收,15:18:59.591.0,0x000003c2,标准帧,数据帧,0x08,7F FF FF FC 00 12 05 32 ,
524360,接收,15:18:59.606.0,0x000003c2,标准帧,数据帧,0x08,7F FF FF FC 00 12 05 32 ,
524361,接收,15:18:59.606.0,0x000003c2,标准帧,数据帧,0x08,7F FF FF FD 00 12 05 32 ,
524362,接收,15:18:59.622.0,0x000003c2,标准帧,数据帧,0x08,7F FF FF FD 00 12 05 32 ,
524363,接收,15:18:59.622.0,0x000003c2,标准帧,数据帧,0x08,7F FF FF FE 00 12 05 32 ,
524364,接收,15:18:59.637.0,0x000003c2,标准帧,数据帧,0x08,7F FF FF FE 00 12 05 32 ,
524365,接收,15:18:59.653.0,0x000003c2,标准帧,数据帧,0x08,7F FF FF FD 00 12 05 32 ,
524366,接收,15:18:59.653.0,0x000003c2,标准帧,数据帧,0x08,7F FF FF FD 00 12 05 32 ,
524367,接收,15:18:59.669.0,0x000003c2,标准帧,数据帧,0x08,7F FF FF FD 00 12 05 32 ,
524368,接收,15:18:59.685.0,0x000003c2,标准帧,数据帧,0x08,7F FF FF FE 00 12 05 32 ,
524369,接收,15:18:59.685.0,0x000003c2,标准帧,数据帧,0x08,7F FF FF FE 00 12 05 32 ,
524370,接收,15:18:59.701.0,0x000003c2,标准帧,数据帧,0x08,7F FF FF FD 00 12 05 32 ,
524371,接收,15:18:59.716.0,0x000003c2,标准帧,数据帧,0x08,7F FF FF FC 00 12 05 32 ,
524372,接收,15:18:59.716.0,0x000003c2,标准帧,数据帧,0x08,7F FF FF FC 00 12 05 32 ,
524373,接收,15:18:59.731.0,0x000003c2,标准帧,数据帧,0x08,7F FF FF FD 00 12 05 32 ,
524374,接收,15:18:59.731.0,0x000003c2,标准帧,数据帧,0x08,7F FF FF FE 00 12 05 32 ,
524375,接收,15:18:59.746.0,0x000003c2,标准帧,数据帧,0x08,7F FF FF FF 00 12 05 32 ,
524376,接收,15:18:59.762.0,0x000003c2,标准帧,数据帧,0x08,7F FF FF FF 00 12 05 32 ,
524377,接收,15:18:59.762.0,0x000003c2,标准帧,数据帧,0x08,80 00 00 00 00 12 05 32 ,
524378,接收,15:18:59.778.0,0x000003c2,标准帧,数据帧,0x08,80 00 00 00 00 12 05 32 ,
524379,接收,15:18:59.794.0,0x000003c2,标准帧,数据帧,0x08,80 00 00 00 00 12 05 32 ,
524380,接收,15:18:59.794.0,0x000003c2,标准帧,数据帧,0x08,80 00 00 00 00 12 05 32 ,
524381,接收,15:18:59.809.0,0x000003c2,标准帧,数据帧,0x08,7F FF FF FD 00 12 05 32 ,
524382,接收,15:18:59.824.0,0x000003c2,标准帧,数据帧,0x08,7F FF FF FC 00 12 05 32 ,
524383,接收,15:18:59.824.0,0x000003c2,标准帧,数据帧,0x08,7F FF FF FB 00 12 05 32 ,
524384,接收,15:18:59.840.0,0x000003c2,标准帧,数据帧,0x08,7F FF FF FC 00 12 05 32 ,
524385,接收,15:18:59.840.0,0x000003c2,标准帧,数据帧,0x08,7F FF FF FE 00 12 05 32 ,
524386,接收,15:18:59.855.0,0x000003c2,标准帧,数据帧,0x08,7F FF FF FF 00 12 05 32 ,
524387,接收,15:18:59.871.0,0x000003c2,标准帧,数据帧,0x08,7F FF FF FF 00 12 05 32 ,
524388,接收,15:18:59.871.0,0x000003c2,标准帧,数据帧,0x08,80 00 00 00 00 12 05 32 ,
524389,接收,15:18:59.887.0,0x000003c2,标准帧,数据帧,0x08,80 00 00 00 00 12 05 32 ,
524390,接收,15:18:59.902.0,0x000003c2,标准帧,数据帧,0x08,80 00 00 00 00 12 05 32 ,
524391,接收,15:18:59.902.0,0x000003c2,标准帧,数据帧,0x08,7F FF FF FF 00 12 05 32 ,
524392,接收,15:18:59.918.0,0x000003c2,标准帧,数据帧,0x08,7F FF FF FF 00 12 05 32 ,
524393,接收,15:18:59.934.0,0x000003c2,标准帧,数据帧,0x08,7F FF FF FF 00 12 05 32 ,
524394,接收,15:18:59.934.0,0x000003c2,标准帧,数据帧,0x08,7F FF FF FF 00 12 05 32 ,
524395,接收,15:18:59.949.0,0x000003c2,标准帧,数据帧,0x08,7F FF FF FE 00 12 05 32 ,
524396,接收,15:18:59.964.0,0x000003c2,标准帧,数据帧,0x08,7F FF FF FD 00 12 05 32 ,
524397,接收,15:18:59.964.0,0x000003c2,标准帧,数据帧,0x08,7F FF FF FD 00 12 05 32 ,
524398,接收,15:18:59.980.0,0x000003c2,标准帧,数据帧,0x08,7F FF FF FE 00 12 05 32 ,
524399,接收,15:18:59.980.0,0x000003c2,标准帧,数据帧,0x08,7F FF FF FF 00 12 05 32 ,
524400,接收,15:18:59.996.0,0x000003c2,标准帧,数据帧,0x08,7F FF FF FF 00 12 05 32 ,
524401,接收,15:19:00.011.0,0x000003c2,标准帧,数据帧,0x08,7F FF FF FE 00 12 05 32 ,
524402,接收,15:19:00.011.0,0x000003c2,标准帧,数据帧,0x08,7F FF FF FC 00 12 05 32 ,
524403,接收,15:19:00.025.0,0x000003c2,标准帧,数据帧,0x08,7F FF FF FB 00 12 05 32 ,
524404,接收,15:19:00.041.0,0x000003c2,标准帧,数据帧,0x08,7F FF FF FB 00 12 05 32 ,
524405,接收,15:19:00.041.0,0x000003c2,标准帧,数据帧,0x08,7F FF FF FD 00 12 05 32 ,
524406,接收,15:19:00.056.0,0x000003c2,标准帧,数据帧,0x08,7F FF FF FE 00 12 05 32 ,
524407,接收,15:19:00.073.0,0x000003c2,标准帧,数据帧,0x08,7F FF FF FD 00 12 05 32 ,
524408,接收,15:19:00.073.0,0x000003c2,标准帧,数据帧,0x08,7F FF FF FD 00 12 05 32 ,
524409,接收,15:19:00.088.0,0x000003c2,标准帧,数据帧,0x08,7F FF FF FD 00 12 05 32 ,
524410,接收,15:19:00.104.0,0x000003c2,标准帧,数据帧,0x08,7F FF FF FE 00 12 05 32 ,
524411,接收,15:19:00.104.0,0x000003c2,标准帧,数据帧,0x08,7F FF FF FE 00 12 05 32 ,
524412,接收,15:19:00.119.0,0x000003c2,标准帧,数据帧,0x08,7F FF FF FD 00 12 05 32 ,
524413,接收,15:19:00.119.0,0x000003c2,标准帧,数据帧,0x08,7F FF FF FD 00 12 05 32 ,
524414,接收,15:19:00.135.0,0x000003c2,标准帧,数据帧,0x08,7F FF FF FD 00 12 05 32 ,
524415,接收,15:19:00.151.0,0x000003c2,标准帧,数据帧,0x08,7F FF FF FE 00 12 05 32 ,
524416,接收,15:19:00.151.0,0x000003c2,标准帧,数据帧,0x08,7F FF FF FF 00 12 05 32 ,
524417,接收,15:19:00.167.0,0x000003c2,标准帧,数据帧,0x08,7F FF FF FF 00 12 05 32 ,
524418,接收,15:19:00.183.0,0x000003c2,标准帧,数据帧,0x08,7F FF FF FF 00 12 05 32 ,
524419,接收,15:19:00.183.0,0x000003c2,标准帧,数据帧,0x08,7F FF FF FF 00 12 05 32 ,
524420,接收,15:19:00.198.0,0x000003c2,标准帧,数据帧,0x08,7F FF FF FF 00 12 05 32 ,
524421,接收,15:19:00.214.0,0x000003c2,标准帧,数据帧,0x08,7F FF FF FF 00 12 05 32 ,
524422,接收,15:19:00.214.0,0x000003c2,标准帧,数据帧,0x08,80 00 00 00 00 12 05 32 ,
524423,接收,15:19:00.229.0,0x000003c2,标准帧,数据帧,0x08,80 00 00 00 00 12 05 32 ,
524424,接收,15:19:00.229.0,0x000003c2,标准帧,数据帧,0x08,80 00 00 00 00 12 05 32 ,
524425,接收,15:19:00.245.0,0x000003c2,标准帧,数据帧,0x08,7F FF FF FF 00 12 05 32 ,
524426,接收,15:19:00.260.0,0x000003c2,标准帧,数据帧,0x08,7F FF FF FF 00 12 05 32 ,
524427,接收,15:19:00.260.0,0x000003c2,标准帧,数据帧,0x08,7F FF FF FE 00 12 05 32 ,
524428,接收,15:19:00.276.0,0x000003c2,标准帧,数据帧,0x08,7F FF FF FE 00 12 05 32 ,
524429,接收,15:19:00.292.0,0x000003c2,标准帧,数据帧,0x08,7F FF FF FF 00 12 05 32 ,
524430,接收,15:19:00.292.0,0x000003c2,标准帧,数据帧,0x08,80 00 00 00 00 12 05 32 ,
524431,接收,15:19:00.308.0,0x000003c2,标准帧,数据帧,0x08,80 00 00 00 00 12 05 32 ,
524432,接收,15:19:00.323.0,0x000003c2,标准帧,数据帧,0x08,7F FF FF FF 00 12 05 32 ,
524433,接收,15:19:00.323.0,0x000003c2,标准帧,数据帧,0x08,7F FF FF FF 00 12 05 32 ,
524434,接收,15:19:00.339.0,0x000003c2,标准帧,数据帧,0x08,7F FF FF FF 00 12 05 32 ,
524435,接收,15:19:00.339.0,0x000003c2,标准帧,数据帧,0x08,7F FF FF FF 00 12 05 32 ,
524436,接收,15:19:00.355.0,0x000003c2,标准帧,数据帧,0x08,7F FF FF FD 00 12 05 32 ,
524437,接收,15:19:00.371.0,0x000003c2,标准帧,数据帧,0x08,7F FF FF FD 00 12 05 32 ,
524438,接收,15:19:00.371.0,0x000003c2,标准帧,数据帧,0x08,7F FF FF FE 00 12 05 32 ,
524439,接收,15:19:00.387.0,0x000003c2,标准帧,数据帧,0x08,7F FF FF FF 00 12 05 32 ,
524440,接收,15:19:00.402.0,0x000003c2,标准帧,数据帧,0x08,80 00 00 00 00 12 05 32 ,
524441,接收,15:19:00.402.0,0x000003c2,标准帧,数据帧,0x08,80 00 00 00 00 12 05 32 ,
524442,接收,15:19:00.418.0,0x000003c2,标准帧,数据帧,0x08,80 00 00 00 00 12 05 32 ,
524443,接收,15:19:00.418.0,0x000003c2,标准帧,数据帧,0x08,80 00 00 00 00 12 05 32 ,
524444,接收,15:19:00.434.0,0x000003c2,标准帧,数据帧,0x08,80 00 00 00 00 12 05 32 ,
524445,接收,15:19:00.450.0,0x000003c2,标准帧,数据帧,0x08,80 00 00 00 00 12 05 32 ,
524446,接收,15:19:00.450.0,0x000003c2,标准帧,数据帧,0x08,7F FF FF FF 00 12 05 32 ,
524447,接收,15:19:00.466.0,0x000003c2,标准帧,数据帧,0x08,7F FF FF FE 00 12 05 32 ,
524448,接收,15:19:00.481.0,0x000003c2,标准帧,数据帧,0x08,7F FF FF FE 00 12 05 32 ,
524449,接收,15:19:00.481.0,0x000003c2,标准帧,数据帧,0x08,7F FF FF FF 00 12 05 32 ,
524450,接收,15:19:00.496.0,0x000003c2,标准帧,数据帧,0x08,80 00 00 00 00 12 05 32 ,
524451,接收,15:19:00.512.0,0x000003c2,标准帧,数据帧,0x08,7F FF FF FF 00 12 05 32 ,
524452,接收,15:19:00.512.0,0x000003c2,标准帧,数据帧,0x08,7F FF FF FE 00 12 05 32 ,
524453,接收,15:19:00.528.0,0x000003c2,标准帧,数据帧,0x08,7F FF FF FD 00 12 05 32 ,
524454,接收,15:19:00.528.0,0x000003c2,标准帧,数据帧,0x08,7F FF FF FD 00 12 05 32 ,
524455,接收,15:19:00.544.0,0x000003c2,标准帧,数据帧,0x08,7F FF FF FD 00 12 05 32 ,
524456,接收,15:19:00.560.0,0x000003c2,标准帧,数据帧,0x08,7F FF FF FC 00 12 05 32 ,
524457,接收,15:19:00.560.0,0x000003c2,标准帧,数据帧,0x08,7F FF FF FB 00 12 05 32 ,
524458,接收,15:19:00.576.0,0x000003c2,标准帧,数据帧,0x08,7F FF FF FB 00 12 05 32 ,
524459,接收,15:19:00.592.0,0x000003c2,标准帧,数据帧,0x08,7F FF FF FB 00 12 05 32 ,
524460,接收,15:19:00.592.0,0x000003c2,标准帧,数据帧,0x08,7F FF FF FB 00 12 05 32 ,
524461,接收,15:19:00.608.0,0x000003c2,标准帧,数据帧,0x08,7F FF FF FC 00 12 05 32 ,
524462,接收,15:19:00.608.0,0x000003c2,标准帧,数据帧,0x08,7F FF FF FC 00 12 05 32 ,
524463,接收,15:19:00.624.0,0x000003c2,标准帧,数据帧,0x08,7F FF FF FC 00 12 05 32 ,
524464,接收,15:19:00.639.0,0x000003c2,标准帧,数据帧,0x08,7F FF FF FD 00 12 05 32 ,
524465,接收,15:19:00.639.0,0x000003c2,标准帧,数据帧,0x08,7F FF FF FE 00 12 05 32 ,
524466,接收,15:19:00.655.0,0x000003c2,标准帧,数据帧,0x08,80 00 00 00 00 12 05 32 ,
524467,接收,15:19:00.670.0,0x000003c2,标准帧,数据帧,0x08,80 00 00 01 00 12 05 32 ,
524468,接收,15:19:00.670.0,0x000003c2,标准帧,数据帧,0x08,80 00 00 02 00 12 05 32 ,
524469,接收,15:19:00.687.0,0x000003c2,标准帧,数据帧,0x08,80 00 00 01 00 12 05 32 ,
524470,接收,15:19:00.687.0,0x000003c2,标准帧,数据帧,0x08,7F FF FF FF 00 12 05 32 ,
524471,接收,15:19:00.703.0,0x000003c2,标准帧,数据帧,0x08,7F FF FF FE 00 12 05 32 ,
524472,接收,15:19:00.718.0,0x000003c2,标准帧,数据帧,0x08,7F FF FF FE 00 12 05 32 ,
524473,接收,15:19:00.718.0,0x000003c2,标准帧,数据帧,0x08,7F FF FF FF 00 12 05 32 ,
524474,接收,15:19:00.734.0,0x000003c2,标准帧,数据帧,0x08,80 00 00 00 00 12 05 32 ,
524475,接收,15:19:00.748.0,0x000003c2,标准帧,数据帧,0x08,7F FF FF FF 00 12 05 32 ,
524476,接收,15:19:00.748.0,0x000003c2,标准帧,数据帧,0x08,7F FF FF FE 00 12 05 32 ,
524477,接收,15:19:00.763.0,0x000003c2,标准帧,数据帧,0x08,7F FF FF FD 00 12 05 32 ,
524478,接收,15:19:00.779.0,0x000003c2,标准帧,数据帧,0x08,7F FF FF FD 00 12 05 32 ,
524479,接收,15:19:00.779.0,0x000003c2,标准帧,数据帧,0x08,7F FF FF FE 00 12 05 32 ,
524480,接收,15:19:00.794.0,0x000003c2,标准帧,数据帧,0x08,7F FF FF FF 00 12 05 32 ,
524481,接收,15:19:00.810.0,0x000003c2,标准帧,数据帧,0x08,80 00 00 00 00 12 05 32 ,
524482,接收,15:19:00.810.0,0x000003c2,标准帧,数据帧,0x08,80 00 00 00 00 12 05 32 ,
524483,接收,15:19:00.825.0,0x000003c2,标准帧,数据帧,0x08,7F FF FF FF 00 12 05 32 ,
524484,接收,15:19:00.841.0,0x000003c2,标准帧,数据帧,0x08,7F FF FF FF 00 12 05 32 ,
524485,接收,15:19:00.841.0,0x000003c2,标准帧,数据帧,0x08,7F FF FF FF 00 12 05 32 ,
524486,接收,15:19:00.856.0,0x000003c2,标准帧,数据帧,0x08,7F FF FF FF 00 12 05 32 ,
524487,接收,15:19:00.857.0,0x000003c2,标准帧,数据帧,0x08,7F FF FF FF 00 12 05 32 ,
524488,接收,15:19:00.871.0,0x000003c2,标准帧,数据帧,0x08,7F FF FF FF 00 12 05 32 ,
524489,接收,15:19:00.888.0,0x000003c2,标准帧,数据帧,0x08,7F FF FF FF 00 12 05 32 ,
524490,接收,15:19:00.888.0,0x000003c2,标准帧,数据帧,0x08,7F FF FF FF 00 12 05 32 ,
524491,接收,15:19:00.904.0,0x000003c2,标准帧,数据帧,0x08,80 00 00 00 00 12 05 32 ,
524492,接收,15:19:00.918.0,0x000003c2,标准帧,数据帧,0x08,80 00 00 00 00 12 05 32 ,
524493,接收,15:19:00.918.0,0x000003c2,标准帧,数据帧,0x08,80 00 00 00 00 12 05 32 ,
524494,接收,15:19:00.935.0,0x000003c2,标准帧,数据帧,0x08,80 00 00 00 00 12 05 32 ,
524495,接收,15:19:00.949.0,0x000003c2,标准帧,数据帧,0x08,80 00 00 00 00 12 05 32 ,
524496,接收,15:19:00.949.0,0x000003c2,标准帧,数据帧,0x08,7F FF FF FF 00 12 05 32 ,
524497,接收,15:19:00.964.0,0x000003c2,标准帧,数据帧,0x08,7F FF FF FE 00 12 05 32 ,
524498,接收,15:19:00.981.0,0x000003c2,标准帧,数据帧,0x08,7F FF FF FE 00 12 05 32 ,
524499,接收,15:19:00.981.0,0x000003c2,标准帧,数据帧,0x08,7F FF FF FE 00 12 05 32 ,
524500,接收,15:19:00.996.0,0x000003c2,标准帧,数据帧,0x08,7F FF FF FF 00 12 05 32 ,
524501,接收,15:19:00.996.0,0x000003c2,标准帧,数据帧,0x08,80 00 00 00 00 12 05 32 ,
524502,接收,15:19:01.012.0,0x000003c2,标准帧,数据帧,0x08,80 00 00 00 00 12 05 32 ,
524503,接收,15:19:01.028.0,0x000003c2,标准帧,数据帧,0x08,7F FF FF FF 00 12 05 32 ,
524504,接收,15:19:01.028.0,0x000003c2,标准帧,数据帧,0x08,7F FF FF FD 00 12 05 32 ,
524505,接收,15:19:01.044.0,0x000003c2,标准帧,数据帧,0x08,7F FF FF FD 00 12 05 32 ,
524506,接收,15:19:01.060.0,0x000003c2,标准帧,数据帧,0x08,7F FF FF FE 00 12 05 32 ,
524507,接收,15:19:01.060.0,0x000003c2,标准帧,数据帧,0x08,7F FF FF FE 00 12 05 32 ,
524508,接收,15:19:01.075.0,0x000003c2,标准帧,数据帧,0x08,7F FF FF FF 00 12 05 32 ,
524509,接收,15:19:01.076.0,0x000003c2,标准帧,数据帧,0x08,7F FF FF FF 00 12 05 32 ,
524510,接收,15:19:01.091.0,0x000003c2,标准帧,数据帧,0x08,7F FF FF FF 00 12 05 32 ,
524511,接收,15:19:01.107.0,0x000003c2,标准帧,数据帧,0x08,7F FF FF FF 00 12 05 32 ,
524512,接收,15:19:01.107.0,0x000003c2,标准帧,数据帧,0x08,7F FF FF FE 00 12 05 32 ,
524513,接收,15:19:01.121.0,0x000003c2,标准帧,数据帧,0x08,7F FF FF FD 00 12 05 32 ,
524514,接收,15:19:01.137.0,0x000003c2,标准帧,数据帧,0x08,7F FF FF FC 00 12 05 32 ,
524515,接收,15:19:01.137.0,0x000003c2,标准帧,数据帧,0x08,7F FF FF FC 00 12 05 32 ,
524516,接收,15:19:01.152.0,0x000003c2,标准帧,数据帧,0x08,7F FF FF FC 00 12 05 32 ,
524517,接收,15:19:01.168.0,0x000003c2,标准帧,数据帧,0x08,7F FF FF FC 00 12 05 32 ,
524518,接收,15:19:01.168.0,0x000003c2,标准帧,数据帧,0x08,7F FF FF FC 00 12 05 32 ,
524519,接收,15:19:01.183.0,0x000003c2,标准帧,数据帧,0x08,7F FF FF FC 00 12 05 32 ,
524520,接收,15:19:01.199.0,0x000003c2,标准帧,数据帧,0x08,7F FF FF FC 00 12 05 32 ,
524521,接收,15:19:01.199.0,0x000003c2,标准帧,数据帧,0x08,7F FF FF FD 00 12 05 32 ,
524522,接收,15:19:01.214.0,0x000003c2,标准帧,数据帧,0x08,7F FF FF FC 00 12 05 32 ,
524523,接收,15:19:01.230.0,0x000003c2,标准帧,数据帧,0x08,7F FF FF FC 00 12 05 32 ,
524524,接收,15:19:01.230.0,0x000003c2,标准帧,数据帧,0x08,7F FF FF FC 00 12 05 32 ,
524525,接收,15:19:01.246.0,0x000003c2,标准帧,数据帧,0x08,7F FF FF FC 00 12 05 32 ,
524526,接收,15:19:01.246.0,0x000003c2,标准帧,数据帧,0x08,7F FF FF FC 00 12 05 32 ,
524527,接收,15:19:01.262.0,0x000003c2,标准帧,数据帧,0x08,7F FF FF FC 00 12 05 32 ,
524528,接收,15:19:01.278.0,0x000003c2,标准帧,数据帧,0x08,7F FF FF FD 00 12 05 32 ,
524529,接收,15:19:01.278.0,0x000003c2,标准帧,数据帧,0x08,7F FF FF FD 00 12 05 32 ,
524530,接收,15:19:01.293.0,0x000003c2,标准帧,数据帧,0x08,7F FF FF FC 00 12 05 32 ,
524531,接收,15:19:01.309.0,0x000003c2,标准帧,数据帧,0x08,7F FF FF FB 00 12 05 32 ,
524532,接收,15:19:01.309.0,0x000003c2,标准帧,数据帧,0x08,7F FF FF FB 00 12 05 32 ,
524533,接收,15:19:01.324.0,0x000003c2,标准帧,数据帧,0x08,7F FF FF FC 00 12 05 32 ,
524534,接收,15:19:01.339.0,0x000003c2,标准帧,数据帧,0x08,7F FF FF FE 00 12 05 32 ,
524535,接收,15:19:01.339.0,0x000003c2,标准帧,数据帧,0x08,80 00 00 00 00 12 05 32 ,
524536,接收,15:19:01.354.0,0x000003c2,标准帧,数据帧,0x08,80 00 00 03 00 12 05 32 ,
524537,接收,15:19:01.369.0,0x000003c2,标准帧,数据帧,0x08,80 00 00 04 00 12 05 32 ,
524538,接收,15:19:01.369.0,0x000003c2,标准帧,数据帧,0x08,80 00 00 04 00 12 05 32 ,
524539,接收,15:19:01.384.0,0x000003c2,标准帧,数据帧,0x08,80 00 00 02 00 12 05 32 ,
524540,接收,15:19:01.384.0,0x000003c2,标准帧,数据帧,0x08,80 00 00 00 00 12 05 32 ,
524541,接收,15:19:01.401.0,0x000003c2,标准帧,数据帧,0x08,7F FF FF FF 00 12 05 32 ,
524542,接收,15:19:01.416.0,0x000003c2,标准帧,数据帧,0x08,7F FF FF FF 00 12 05 32 ,
524543,接收,15:19:01.416.0,0x000003c2,标准帧,数据帧,0x08,80 00 00 00 00 12 05 32 ,
524544,接收,15:19:01.432.0,0x000003c2,标准帧,数据帧,0x08,80 00 00 00 00 12 05 32 ,
524545,接收,15:19:01.448.0,0x000003c2,标准帧,数据帧,0x08,7F FF FF FF 00 12 05 32 ,
524546,接收,15:19:01.448.0,0x000003c2,标准帧,数据帧,0x08,7F FF FF FC 00 12 05 32 ,
524547,接收,15:19:01.464.0,0x000003c2,标准帧,数据帧,0x08,7F FF FF FB 00 12 05 32 ,
524548,接收,15:19:01.465.0,0x000003c2,标准帧,数据帧,0x08,7F FF FF FB 00 12 05 32 ,
524549,接收,15:19:01.480.0,0x000003c2,标准帧,数据帧,0x08,7F FF FF FD 00 12 05 32 ,
524550,接收,15:19:01.494.0,0x000003c2,标准帧,数据帧,0x08,7F FF FF FE 00 12 05 32 ,
524551,接收,15:19:01.494.0,0x000003c2,标准帧,数据帧,0x08,7F FF FF FD 00 12 05 32 ,
524552,接收,15:19:01.511.0,0x000003c2,标准帧,数据帧,0x08,7F FF FF FC 00 12 05 32 ,
524553,接收,15:19:01.526.0,0x000003c2,标准帧,数据帧,0x08,7F FF FF FC 00 12 05 32 ,
524554,接收,15:19:01.526.0,0x000003c2,标准帧,数据帧,0x08,7F FF FF FD 00 12 05 32 ,
524555,接收,15:19:01.542.0,0x000003c2,标准帧,数据帧,0x08,7F FF FF FE 00 12 05 32 ,
524556,接收,15:19:01.558.0,0x000003c2,标准帧,数据帧,0x08,7F FF FF FF 00 12 05 32 ,
524557,接收,15:19:01.558.0,0x000003c2,标准帧,数据帧,0x08,7F FF FF FF 00 12 05 32 ,
524558,接收,15:19:01.573.0,0x000003c2,标准帧,数据帧,0x08,7F FF FF FF 00 12 05 32 ,
524559,接收,15:19:01.588.0,0x000003c2,标准帧,数据帧,0x08,7F FF FF FE 00 12 05 32 ,
524560,接收,15:19:01.588.0,0x000003c2,标准帧,数据帧,0x08,7F FF FF FD 00 12 05 32 ,
524561,接收,15:19:01.604.0,0x000003c2,标准帧,数据帧,0x08,7F FF FF FD 00 12 05 32 ,
524562,接收,15:19:01.604.0,0x000003c2,标准帧,数据帧,0x08,7F FF FF FD 00 12 05 32 ,
524563,接收,15:19:01.619.0,0x000003c2,标准帧,数据帧,0x08,7F FF FF FD 00 12 05 32 ,
524564,接收,15:19:01.635.0,0x000003c2,标准帧,数据帧,0x08,7F FF FF FD 00 12 05 32 ,
524565,接收,15:19:01.635.0,0x000003c2,标准帧,数据帧,0x08,7F FF FF FC 00 12 05 32 ,
524566,接收,15:19:01.650.0,0x000003c2,标准帧,数据帧,0x08,7F FF FF FC 00 12 05 32 ,
524567,接收,15:19:01.666.0,0x000003c2,标准帧,数据帧,0x08,7F FF FF FB 00 12 05 32 ,
524568,接收,15:19:01.666.0,0x000003c2,标准帧,数据帧,0x08,7F FF FF FB 00 12 05 32 ,
524569,接收,15:19:01.682.0,0x000003c2,标准帧,数据帧,0x08,7F FF FF FB 00 12 05 32 ,
524570,接收,15:19:01.698.0,0x000003c2,标准帧,数据帧,0x08,7F FF FF FC 00 12 05 32 ,
524571,接收,15:19:01.698.0,0x000003c2,标准帧,数据帧,0x08,7F FF FF FD 00 12 05 32 ,
524572,接收,15:19:01.714.0,0x000003c2,标准帧,数据帧,0x08,7F FF FF FF 00 12 05 32 ,
524573,接收,15:19:01.714.0,0x000003c2,标准帧,数据帧,0x08,80 00 00 00 00 12 05 32 ,
524574,接收,15:19:01.729.0,0x000003c2,标准帧,数据帧,0x08,7F FF FF FF 00 12 05 32 ,
524575,接收,15:19:01.745.0,0x000003c2,标准帧,数据帧,0x08,7F FF FF FE 00 12 05 32 ,
524576,接收,15:19:01.745.0,0x000003c2,标准帧,数据帧,0x08,7F FF FF FD 00 12 05 32 ,
524577,接收,15:19:01.760.0,0x000003c2,标准帧,数据帧,0x08,7F FF FF FD 00 12 05 32 ,
524578,接收,15:19:01.776.0,0x000003c2,标准帧,数据帧,0x08,7F FF FF FD 00 12 05 32 ,
524579,接收,15:19:01.776.0,0x000003c2,标准帧,数据帧,0x08,7F FF FF FE 00 12 05 32 ,
524580,接收,15:19:01.792.0,0x000003c2,标准帧,数据帧,0x08,7F FF FF FE 00 12 05 32 ,
524581,接收,15:19:01.807.0,0x000003c2,标准帧,数据帧,0x08,7F FF FF FE 00 12 05 32 ,
524582,接收,15:19:01.807.0,0x000003c2,标准帧,数据帧,0x08,7F FF FF FD 00 12 05 32 ,
524583,接收,15:19:01.822.0,0x000003c2,标准帧,数据帧,0x08,7F FF FF FD 00 12 05 32 ,
524584,接收,15:19:01.823.0,0x000003c2,标准帧,数据帧,0x08,7F FF FF FC 00 12 05 32 ,
524585,接收,15:19:01.839.0,0x000003c2,标准帧,数据帧,0x08,7F FF FF FD 00 12 05 32 ,
524586,接收,15:19:01.853.0,0x000003c2,标准帧,数据帧,0x08,7F FF FF FF 00 12 05 32 ,
524587,接收,15:19:01.853.0,0x000003c2,标准帧,数据帧,0x08,7F FF FF FF 00 12 05 32 ,
524588,接收,15:19:01.870.0,0x000003c2,标准帧,数据帧,0x08,7F FF FF FF 00 12 05 32 ,
524589,接收,15:19:01.886.0,0x000003c2,标准帧,数据帧,0x08,7F FF FF FE 00 12 05 32 ,
524590,接收,15:19:01.886.0,0x000003c2,标准帧,数据帧,0x08,7F FF FF FE 00 12 05 32 ,
524591,接收,15:19:01.902.0,0x000003c2,标准帧,数据帧,0x08,7F FF FF FE 00 12 05 32 ,
524592,接收,15:19:01.917.0,0x000003c2,标准帧,数据帧,0x08,7F FF FF FF 00 12 05 32 ,
524593,接收,15:19:01.917.0,0x000003c2,标准帧,数据帧,0x08,80 00 00 01 00 12 05 32 ,
524594,接收,15:19:01.933.0,0x000003c2,标准帧,数据帧,0x08,80 00 00 01 00 12 05 32 ,
524595,接收,15:19:01.933.0,0x000003c2,标准帧,数据帧,0x08,80 00 00 01 00 12 05 32 ,
524596,接收,15:19:01.948.0,0x000003c2,标准帧,数据帧,0x08,80 00 00 00 00 12 05 32 ,
524597,接收,15:19:01.963.0,0x000003c2,标准帧,数据帧,0x08,80 00 00 00 00 12 05 32 ,
524598,接收,15:19:01.963.0,0x000003c2,标准帧,数据帧,0x08,7F FF FF FF 00 12 05 32 ,
524599,接收,15:19:01.978.0,0x000003c2,标准帧,数据帧,0x08,7F FF FF FE 00 12 05 32 ,
524600,接收,15:19:01.993.0,0x000003c2,标准帧,数据帧,0x08,7F FF FF FE 00 12 05 32 ,
524601,接收,15:19:01.993.0,0x000003c2,标准帧,数据帧,0x08,7F FF FF FE 00 12 05 32 ,
524602,接收,15:19:02.008.0,0x000003c2,标准帧,数据帧,0x08,7F FF FF FF 00 12 05 32 ,
524603,接收,15:19:02.025.0,0x000003c2,标准帧,数据帧,0x08,7F FF FF FE 00 12 05 32 ,
524604,接收,15:19:02.025.0,0x000003c2,标准帧,数据帧,0x08,7F FF FF FD 00 12 05 32 ,
524605,接收,15:19:02.040.0,0x000003c2,标准帧,数据帧,0x08,7F FF FF FA 00 12 05 32 ,
524606,接收,15:19:02.055.0,0x000003c2,标准帧,数据帧,0x08,7F FF FF F9 00 12 05 32 ,
524607,接收,15:19:02.055.0,0x000003c2,标准帧,数据帧,0x08,7F FF FF F9 00 12 05 32 ,
524608,接收,15:19:02.070.0,0x000003c2,标准帧,数据帧,0x08,7F FF FF FC 00 12 05 32 ,
524609,接收,15:19:02.086.0,0x000003c2,标准帧,数据帧,0x08,7F FF FF FE 00 12 05 32 ,
524610,接收,15:19:02.086.0,0x000003c2,标准帧,数据帧,0x08,7F FF FF FF 00 12 05 32 ,
524611,接收,15:19:02.101.0,0x000003c2,标准帧,数据帧,0x08,80 00 00 00 00 12 05 32 ,
524612,接收,15:19:02.102.0,0x000003c2,标准帧,数据帧,0x08,80 00 00 00 00 12 05 32 ,
524613,接收,15:19:02.117.0,0x000003c2,标准帧,数据帧,0x08,7F FF FF FF 00 12 05 32 ,
524614,接收,15:19:02.133.0,0x000003c2,标准帧,数据帧,0x08,7F FF FF FE 00 12 05 32 ,
524615,接收,15:19:02.133.0,0x000003c2,标准帧,数据帧,0x08,7F FF FF FE 00 12 05 32 ,
524616,接收,15:19:02.149.0,0x000003c2,标准帧,数据帧,0x08,7F FF FF FE 00 12 05 32 ,
524617,接收,15:19:02.165.0,0x000003c2,标准帧,数据帧,0x08,7F FF FF FF 00 12 05 32 ,
524618,接收,15:19:02.165.0,0x000003c2,标准帧,数据帧,0x08,7F FF FF FE 00 12 05 32 ,
524619,接收,15:19:02.180.0,0x000003c2,标准帧,数据帧,0x08,7F FF FF FD 00 12 05 32 ,
524620,接收,15:19:02.196.0,0x000003c2,标准帧,数据帧,0x08,7F FF FF FD 00 12 05 32 ,
524621,接收,15:19:02.196.0,0x000003c2,标准帧,数据帧,0x08,7F FF FF FC 00 12 05 32 ,
524622,接收,15:19:02.212.0,0x000003c2,标准帧,数据帧,0x08,7F FF FF FC 00 12 05 32 ,
524623,接收,15:19:02.212.0,0x000003c2,标准帧,数据帧,0x08,7F FF FF FC 00 12 05 32 ,
524624,接收,15:19:02.228.0,0x000003c2,标准帧,数据帧,0x08,7F FF FF FE 00 12 05 32 ,
524625,接收,15:19:02.243.0,0x000003c2,标准帧,数据帧,0x08,7F FF FF FE 00 12 05 32 ,
524626,接收,15:19:02.243.0,0x000003c2,标准帧,数据帧,0x08,7F FF FF FD 00 12 05 32 ,
524627,接收,15:19:02.259.0,0x000003c2,标准帧,数据帧,0x08,7F FF FF FD 00 12 05 32 ,
524628,接收,15:19:02.275.0,0x000003c2,标准帧,数据帧,0x08,7F FF FF FC 00 12 05 32 ,
524629,接收,15:19:02.275.0,0x000003c2,标准帧,数据帧,0x08,7F FF FF FC 00 12 05 32 ,
524630,接收,15:19:02.290.0,0x000003c2,标准帧,数据帧,0x08,7F FF FF FC 00 12 05 32 ,
524631,接收,15:19:02.305.0,0x000003c2,标准帧,数据帧,0x08,7F FF FF FD 00 12 05 32 ,
524632,接收,15:19:02.305.0,0x000003c2,标准帧,数据帧,0x08,7F FF FF FD 00 12 05 32 ,
524633,接收,15:19:02.320.0,0x000003c2,标准帧,数据帧,0x08,7F FF FF FE 00 12 05 32 ,
524634,接收,15:19:02.336.0,0x000003c2,标准帧,数据帧,0x08,7F FF FF FE 00 12 05 32 ,
524635,接收,15:19:02.336.0,0x000003c2,标准帧,数据帧,0x08,7F FF FF FD 00 12 05 32 ,
524636,接收,15:19:02.352.0,0x000003c2,标准帧,数据帧,0x08,7F FF FF FD 00 12 05 32 ,
524637,接收,15:19:02.352.0,0x000003c2,标准帧,数据帧,0x08,7F FF FF FE 00 12 05 32 ,
524638,接收,15:19:02.368.0,0x000003c2,标准帧,数据帧,0x08,7F FF FF FF 00 12 05 32 ,
524639,接收,15:19:02.384.0,0x000003c2,标准帧,数据帧,0x08,7F FF FF FF 00 12 05 32 ,
524640,接收,15:19:02.384.0,0x000003c2,标准帧,数据帧,0x08,7F FF FF FF 00 12 05 32 ,
524641,接收,15:19:02.399.0,0x000003c2,标准帧,数据帧,0x08,7F FF FF FF 00 12 05 32 ,
524642,接收,15:19:02.415.0,0x000003c2,标准帧,数据帧,0x08,7F FF FF FF 00 12 05 32 ,
524643,接收,15:19:02.415.0,0x000003c2,标准帧,数据帧,0x08,7F FF FF FF 00 12 05 32 ,
524644,接收,15:19:02.432.0,0x000003c2,标准帧,数据帧,0x08,7F FF FF FF 00 12 05 32 ,
524645,接收,15:19:02.432.0,0x000003c2,标准帧,数据帧,0x08,7F FF FF FE 00 12 05 32 ,
524646,接收,15:19:02.447.0,0x000003c2,标准帧,数据帧,0x08,7F FF FF FC 00 12 05 32 ,
524647,接收,15:19:02.462.0,0x000003c2,标准帧,数据帧,0x08,7F FF FF FB 00 12 05 32 ,
524648,接收,15:19:02.462.0,0x000003c2,标准帧,数据帧,0x08,7F FF FF FC 00 12 05 32 ,
524649,接收,15:19:02.477.0,0x000003c2,标准帧,数据帧,0x08,7F FF FF FE 00 12 05 32 ,
524650,接收,15:19:02.493.0,0x000003c2,标准帧,数据帧,0x08,7F FF FF FF 00 12 05 32 ,
524651,接收,15:19:02.493.0,0x000003c2,标准帧,数据帧,0x08,7F FF FF FF 00 12 05 32 ,
524652,接收,15:19:02.509.0,0x000003c2,标准帧,数据帧,0x08,7F FF FF FF 00 12 05 32 ,
524653,接收,15:19:02.525.0,0x000003c2,标准帧,数据帧,0x08,7F FF FF FF 00 12 05 32 ,
524654,接收,15:19:02.525.0,0x000003c2,标准帧,数据帧,0x08,7F FF FF FE 00 12 05 32 ,
524655,接收,15:19:02.540.0,0x000003c2,标准帧,数据帧,0x08,7F FF FF FE 00 12 05 32 ,
524656,接收,15:19:02.555.0,0x000003c2,标准帧,数据帧,0x08,7F FF FF FF 00 12 05 32 ,
524657,接收,15:19:02.555.0,0x000003c2,标准帧,数据帧,0x08,7F FF FF FF 00 12 05 32 ,
524658,接收,15:19:02.570.0,0x000003c2,标准帧,数据帧,0x08,7F FF FF FE 00 12 05 32 ,
524659,接收,15:19:02.570.0,0x000003c2,标准帧,数据帧,0x08,7F FF FF FD 00 12 05 32 ,
524660,接收,15:19:02.586.0,0x000003c2,标准帧,数据帧,0x08,7F FF FF FC 00 12 05 32 ,
524661,接收,15:19:02.603.0,0x000003c2,标准帧,数据帧,0x08,7F FF FF FD 00 12 05 32 ,
524662,接收,15:19:02.603.0,0x000003c2,标准帧,数据帧,0x08,7F FF FF FE 00 12 05 32 ,
524663,接收,15:19:02.618.0,0x000003c2,标准帧,数据帧,0x08,7F FF FF FE 00 12 05 32 ,
524664,接收,15:19:02.634.0,0x000003c2,标准帧,数据帧,0x08,7F FF FF FE 00 12 05 32 ,
524665,接收,15:19:02.634.0,0x000003c2,标准帧,数据帧,0x08,7F FF FF FD 00 12 05 32 ,
524666,接收,15:19:02.649.0,0x000003c2,标准帧,数据帧,0x08,7F FF FF FD 00 12 05 32 ,
524667,接收,15:19:02.665.0,0x000003c2,标准帧,数据帧,0x08,7F FF FF FD 00 12 05 32 ,
524668,接收,15:19:02.665.0,0x000003c2,标准帧,数据帧,0x08,7F FF FF FF 00 12 05 32 ,
524669,接收,15:19:02.681.0,0x000003c2,标准帧,数据帧,0x08,7F FF FF FF 00 12 05 32 ,
524670,接收,15:19:02.681.0,0x000003c2,标准帧,数据帧,0x08,7F FF FF FF 00 12 05 32 ,
524671,接收,15:19:02.697.0,0x000003c2,标准帧,数据帧,0x08,7F FF FF FF 00 12 05 32 ,
524672,接收,15:19:02.713.0,0x000003c2,标准帧,数据帧,0x08,7F FF FF FF 00 12 05 32 ,
524673,接收,15:19:02.713.0,0x000003c2,标准帧,数据帧,0x08,7F FF FF FF 00 12 05 32 ,
524674,接收,15:19:02.729.0,0x000003c2,标准帧,数据帧,0x08,7F FF FF FF 00 12 05 32 ,
524675,接收,15:19:02.744.0,0x000003c2,标准帧,数据帧,0x08,7F FF FF FF 00 12 05 32 ,
524676,接收,15:19:02.744.0,0x000003c2,标准帧,数据帧,0x08,7F FF FF FE 00 12 05 32 ,
524677,接收,15:19:02.760.0,0x000003c2,标准帧,数据帧,0x08,7F FF FF FE 00 12 05 32 ,
524678,接收,15:19:02.760.0,0x000003c2,标准帧,数据帧,0x08,7F FF FF FE 00 12 05 32 ,
524679,接收,15:19:02.775.0,0x000003c2,标准帧,数据帧,0x08,7F FF FF FE 00 12 05 32 ,
524680,接收,15:19:02.791.0,0x000003c2,标准帧,数据帧,0x08,7F FF FF FC 00 12 05 32 ,
524681,接收,15:19:02.791.0,0x000003c2,标准帧,数据帧,0x08,7F FF FF FB 00 12 05 32 ,
524682,接收,15:19:02.807.0,0x000003c2,标准帧,数据帧,0x08,7F FF FF FB 00 12 05 32 ,
524683,接收,15:19:02.823.0,0x000003c2,标准帧,数据帧,0x08,7F FF FF FB 00 12 05 32 ,
524684,接收,15:19:02.823.0,0x000003c2,标准帧,数据帧,0x08,7F FF FF FD 00 12 05 32 ,
524685,接收,15:19:02.838.0,0x000003c2,标准帧,数据帧,0x08,7F FF FF FD 00 12 05 32 ,
524686,接收,15:19:02.854.0,0x000003c2,标准帧,数据帧,0x08,7F FF FF FE 00 12 05 32 ,
524687,接收,15:19:02.854.0,0x000003c2,标准帧,数据帧,0x08,7F FF FF FE 00 12 05 32 ,
524688,接收,15:19:02.870.0,0x000003c2,标准帧,数据帧,0x08,7F FF FF FF 00 12 05 32 ,
524689,接收,15:19:02.870.0,0x000003c2,标准帧,数据帧,0x08,80 00 00 00 00 12 05 32 ,
524690,接收,15:19:02.885.0,0x000003c2,标准帧,数据帧,0x08,80 00 00 00 00 12 05 32 ,
524691,接收,15:19:02.899.0,0x000003c2,标准帧,数据帧,0x08,80 00 00 00 00 12 05 32 ,
524692,接收,15:19:02.899.0,0x000003c2,标准帧,数据帧,0x08,7F FF FF FF 00 12 05 32 ,
524693,接收,15:19:02.916.0,0x000003c2,标准帧,数据帧,0x08,7F FF FF FF 00 12 05 32 ,
524694,接收,15:19:02.932.0,0x000003c2,标准帧,数据帧,0x08,7F FF FF FF 00 12 05 32 ,
524695,接收,15:19:02.932.0,0x000003c2,标准帧,数据帧,0x08,80 00 00 00 00 12 05 32 ,
524696,接收,15:19:02.948.0,0x000003c2,标准帧,数据帧,0x08,80 00 00 00 00 12 05 32 ,
524697,接收,15:19:02.963.0,0x000003c2,标准帧,数据帧,0x08,7F FF FF FF 00 12 05 32 ,
524698,接收,15:19:02.963.0,0x000003c2,标准帧,数据帧,0x08,7F FF FF FF 00 12 05 32 ,
524699,接收,15:19:02.978.0,0x000003c2,标准帧,数据帧,0x08,7F FF FF FF 00 12 05 32 ,
524700,接收,15:19:02.994.0,0x000003c2,标准帧,数据帧,0x08,7F FF FF FF 00 12 05 32 ,
524701,接收,15:19:02.994.0,0x000003c2,标准帧,数据帧,0x08,7F FF FF FF 00 12 05 32 ,
524702,接收,15:19:03.010.0,0x000003c2,标准帧,数据帧,0x08,7F FF FF FF 00 12 05 32 ,
524703,接收,15:19:03.010.0,0x000003c2,标准帧,数据帧,0x08,7F FF FF FF 00 12 05 32 ,
524704,接收,15:19:03.026.0,0x000003c2,标准帧,数据帧,0x08,7F FF FF FE 00 12 05 32 ,
524705,接收,15:19:03.042.0,0x000003c2,标准帧,数据帧,0x08,7F FF FF FD 00 12 05 32 ,
524706,接收,15:19:03.042.0,0x000003c2,标准帧,数据帧,0x08,7F FF FF FD 00 12 05 32 ,
524707,接收,15:19:03.057.0,0x000003c2,标准帧,数据帧,0x08,7F FF FF FE 00 12 05 32 ,
524708,接收,15:19:03.073.0,0x000003c2,标准帧,数据帧,0x08,7F FF FF FF 00 12 05 32 ,
524709,接收,15:19:03.073.0,0x000003c2,标准帧,数据帧,0x08,80 00 00 00 00 12 05 32 ,
524710,接收,15:19:03.089.0,0x000003c2,标准帧,数据帧,0x08,7F FF FF FF 00 12 05 32 ,
524711,接收,15:19:03.089.0,0x000003c2,标准帧,数据帧,0x08,7F FF FF FF 00 12 05 32 ,
524712,接收,15:19:03.104.0,0x000003c2,标准帧,数据帧,0x08,7F FF FF FE 00 12 05 32 ,
524713,接收,15:19:03.121.0,0x000003c2,标准帧,数据帧,0x08,7F FF FF FD 00 12 05 32 ,
524714,接收,15:19:03.121.0,0x000003c2,标准帧,数据帧,0x08,7F FF FF FC 00 12 05 32 ,
524715,接收,15:19:03.135.0,0x000003c2,标准帧,数据帧,0x08,7F FF FF FC 00 12 05 32 ,
524716,接收,15:19:03.151.0,0x000003c2,标准帧,数据帧,0x08,7F FF FF FE 00 12 05 32 ,
524717,接收,15:19:03.151.0,0x000003c2,标准帧,数据帧,0x08,7F FF FF FE 00 12 05 32 ,
524718,接收,15:19:03.167.0,0x000003c2,标准帧,数据帧,0x08,7F FF FF FE 00 12 05 32 ,
524719,接收,15:19:03.184.0,0x000003c2,标准帧,数据帧,0x08,7F FF FF FD 00 12 05 32 ,
524720,接收,15:19:03.184.0,0x000003c2,标准帧,数据帧,0x08,7F FF FF FC 00 12 05 32 ,
524721,接收,15:19:03.199.0,0x000003c2,标准帧,数据帧,0x08,7F FF FF FC 00 12 05 32 ,
524722,接收,15:19:03.199.0,0x000003c2,标准帧,数据帧,0x08,7F FF FF FD 00 12 05 32 ,
524723,接收,15:19:03.215.0,0x000003c2,标准帧,数据帧,0x08,7F FF FF FD 00 12 05 32 ,
524724,接收,15:19:03.231.0,0x000003c2,标准帧,数据帧,0x08,7F FF FF FE 00 12 05 32 ,
524725,接收,15:19:03.231.0,0x000003c2,标准帧,数据帧,0x08,7F FF FF FF 00 12 05 32 ,
524726,接收,15:19:03.247.0,0x000003c2,标准帧,数据帧,0x08,80 00 00 00 00 12 05 32 ,
524727,接收,15:19:03.248.0,0x000003c2,标准帧,数据帧,0x08,7F FF FF FF 00 12 05 32 ,
524728,接收,15:19:03.263.0,0x000003c2,标准帧,数据帧,0x08,7F FF FF FF 00 12 05 32 ,
524729,接收,15:19:03.279.0,0x000003c2,标准帧,数据帧,0x08,7F FF FF FF 00 12 05 32 ,
524730,接收,15:19:03.279.0,0x000003c2,标准帧,数据帧,0x08,7F FF FF FE 00 12 05 32 ,
524731,接收,15:19:03.295.0,0x000003c2,标准帧,数据帧,0x08,7F FF FF FD 00 12 05 32 ,
524732,接收,15:19:03.310.0,0x000003c2,标准帧,数据帧,0x08,7F FF FF FE 00 12 05 32 ,
524733,接收,15:19:03.310.0,0x000003c2,标准帧,数据帧,0x08,7F FF FF FF 00 12 05 32 ,
524734,接收,15:19:03.326.0,0x000003c2,标准帧,数据帧,0x08,80 00 00 00 00 12 05 32 ,
524735,接收,15:19:03.342.0,0x000003c2,标准帧,数据帧,0x08,7F FF FF FF 00 12 05 32 ,
524736,接收,15:19:03.342.0,0x000003c2,标准帧,数据帧,0x08,7F FF FF FE 00 12 05 32 ,
524737,接收,15:19:03.357.0,0x000003c2,标准帧,数据帧,0x08,7F FF FF FE 00 12 05 32 ,
524738,接收,15:19:03.357.0,0x000003c2,标准帧,数据帧,0x08,7F FF FF FE 00 12 05 32 ,
524739,接收,15:19:03.373.0,0x000003c2,标准帧,数据帧,0x08,7F FF FF FF 00 12 05 32 ,
524740,接收,15:19:03.389.0,0x000003c2,标准帧,数据帧,0x08,80 00 00 00 00 12 05 32 ,
524741,接收,15:19:03.389.0,0x000003c2,标准帧,数据帧,0x08,80 00 00 01 00 12 05 32 ,
524742,接收,15:19:03.405.0,0x000003c2,标准帧,数据帧,0x08,80 00 00 00 00 12 05 32 ,
524743,接收,15:19:03.420.0,0x000003c2,标准帧,数据帧,0x08,7F FF FF FF 00 12 05 32 ,
524744,接收,15:19:03.420.0,0x000003c2,标准帧,数据帧,0x08,7F FF FF FF 00 12 05 32 ,
524745,接收,15:19:03.436.0,0x000003c2,标准帧,数据帧,0x08,80 00 00 01 00 12 05 32 ,
524746,接收,15:19:03.451.0,0x000003c2,标准帧,数据帧,0x08,80 00 00 03 00 12 05 32 ,
524747,接收,15:19:03.451.0,0x000003c2,标准帧,数据帧,0x08,80 00 00 03 00 12 05 32 ,
524748,接收,15:19:03.467.0,0x000003c2,标准帧,数据帧,0x08,80 00 00 03 00 12 05 32 ,
524749,接收,15:19:03.467.0,0x000003c2,标准帧,数据帧,0x08,80 00 00 03 00 12 05 32 ,
524750,接收,15:19:03.483.0,0x000003c2,标准帧,数据帧,0x08,80 00 00 02 00 12 05 32 ,
524751,接收,15:19:03.499.0,0x000003c2,标准帧,数据帧,0x08,80 00 00 01 00 12 05 32 ,
524752,接收,15:19:03.499.0,0x000003c2,标准帧,数据帧,0x08,80 00 00 00 00 12 05 32 ,
524753,接收,15:19:03.514.0,0x000003c2,标准帧,数据帧,0x08,80 00 00 00 00 12 05 32 ,
524754,接收,15:19:03.530.0,0x000003c2,标准帧,数据帧,0x08,7F FF FF FF 00 12 05 32 ,
524755,接收,15:19:03.530.0,0x000003c2,标准帧,数据帧,0x08,7F FF FF FE 00 12 05 32 ,
524756,接收,15:19:03.545.0,0x000003c2,标准帧,数据帧,0x08,7F FF FF FE 00 12 05 32 ,
524757,接收,15:19:03.561.0,0x000003c2,标准帧,数据帧,0x08,7F FF FF FF 00 12 05 32 ,
524758,接收,15:19:03.561.0,0x000003c2,标准帧,数据帧,0x08,7F FF FF FF 00 12 05 32 ,
524759,接收,15:19:03.577.0,0x000003c2,标准帧,数据帧,0x08,7F FF FF FE 00 12 05 32 ,
524760,接收,15:19:03.577.0,0x000003c2,标准帧,数据帧,0x08,7F FF FF FD 00 12 05 32 ,
524761,接收,15:19:03.593.0,0x000003c2,标准帧,数据帧,0x08,7F FF FF FE 00 12 05 32 ,
524762,接收,15:19:03.609.0,0x000003c2,标准帧,数据帧,0x08,7F FF FF FE 00 12 05 32 ,
524763,接收,15:19:03.609.0,0x000003c2,标准帧,数据帧,0x08,7F FF FF FF 00 12 05 32 ,
524764,接收,15:19:03.624.0,0x000003c2,标准帧,数据帧,0x08,7F FF FF FF 00 12 05 32 ,
524765,接收,15:19:03.639.0,0x000003c2,标准帧,数据帧,0x08,7F FF FF FF 00 12 05 32 ,
524766,接收,15:19:03.639.0,0x000003c2,标准帧,数据帧,0x08,7F FF FF FF 00 12 05 32 ,
524767,接收,15:19:03.655.0,0x000003c2,标准帧,数据帧,0x08,7F FF FF FF 00 12 05 32 ,
524768,接收,15:19:03.670.0,0x000003c2,标准帧,数据帧,0x08,7F FF FF FF 00 12 05 32 ,
524769,接收,15:19:03.670.0,0x000003c2,标准帧,数据帧,0x08,7F FF FF FF 00 12 05 32 ,
524770,接收,15:19:03.686.0,0x000003c2,标准帧,数据帧,0x08,80 00 00 00 00 12 05 32 ,
524771,接收,15:19:03.701.0,0x000003c2,标准帧,数据帧,0x08,80 00 00 00 00 12 05 32 ,
524772,接收,15:19:03.701.0,0x000003c2,标准帧,数据帧,0x08,80 00 00 00 00 12 05 32 ,
524773,接收,15:19:03.717.0,0x000003c2,标准帧,数据帧,0x08,7F FF FF FE 00 12 05 32 ,
524774,接收,15:19:03.717.0,0x000003c2,标准帧,数据帧,0x08,7F FF FF FD 00 12 05 32 ,
524775,接收,15:19:03.732.0,0x000003c2,标准帧,数据帧,0x08,7F FF FF FE 00 12 05 32 ,
524776,接收,15:19:03.747.0,0x000003c2,标准帧,数据帧,0x08,7F FF FF FE 00 12 05 32 ,
524777,接收,15:19:03.747.0,0x000003c2,标准帧,数据帧,0x08,7F FF FF FE 00 12 05 32 ,
524778,接收,15:19:03.762.0,0x000003c2,标准帧,数据帧,0x08,7F FF FF FE 00 12 05 32 ,
524779,接收,15:19:03.778.0,0x000003c2,标准帧,数据帧,0x08,7F FF FF FE 00 12 05 32 ,
524780,接收,15:19:03.778.0,0x000003c2,标准帧,数据帧,0x08,7F FF FF FE 00 12 05 32 ,
524781,接收,15:19:03.793.0,0x000003c2,标准帧,数据帧,0x08,7F FF FF FE 00 12 05 32 ,
524782,接收,15:19:03.809.0,0x000003c2,标准帧,数据帧,0x08,7F FF FF FF 00 12 05 32 ,
524783,接收,15:19:03.809.0,0x000003c2,标准帧,数据帧,0x08,7F FF FF FF 00 12 05 32 ,
524784,接收,15:19:03.824.0,0x000003c2,标准帧,数据帧,0x08,7F FF FF FF 00 12 05 32 ,
524785,接收,15:19:03.840.0,0x000003c2,标准帧,数据帧,0x08,7F FF FF FE 00 12 05 32 ,
524786,接收,15:19:03.840.0,0x000003c2,标准帧,数据帧,0x08,7F FF FF FD 00 12 05 32 ,
524787,接收,15:19:03.856.0,0x000003c2,标准帧,数据帧,0x08,7F FF FF FE 00 12 05 32 ,
524788,接收,15:19:03.856.0,0x000003c2,标准帧,数据帧,0x08,80 00 00 00 00 12 05 32 ,
524789,接收,15:19:03.871.0,0x000003c2,标准帧,数据帧,0x08,80 00 00 00 00 12 05 32 ,
524790,接收,15:19:03.887.0,0x000003c2,标准帧,数据帧,0x08,7F FF FF FE 00 12 05 32 ,
524791,接收,15:19:03.887.0,0x000003c2,标准帧,数据帧,0x08,7F FF FF FE 00 12 05 32 ,
524792,接收,15:19:03.903.0,0x000003c2,标准帧,数据帧,0x08,7F FF FF FE 00 12 05 32 ,
524793,接收,15:19:03.918.0,0x000003c2,标准帧,数据帧,0x08,80 00 00 00 00 12 05 32 ,
524794,接收,15:19:03.918.0,0x000003c2,标准帧,数据帧,0x08,80 00 00 01 00 12 05 32 ,
524795,接收,15:19:03.933.0,0x000003c2,标准帧,数据帧,0x08,80 00 00 00 00 12 05 32 ,
524796,接收,15:19:03.949.0,0x000003c2,标准帧,数据帧,0x08,7F FF FF FF 00 12 05 32 ,
524797,接收,15:19:03.949.0,0x000003c2,标准帧,数据帧,0x08,7F FF FF FE 00 12 05 32 ,
524798,接收,15:19:03.965.0,0x000003c2,标准帧,数据帧,0x08,7F FF FF FE 00 12 05 32 ,
524799,接收,15:19:03.965.0,0x000003c2,标准帧,数据帧,0x08,7F FF FF FE 00 12 05 32 ,
524800,接收,15:19:03.980.0,0x000003c2,标准帧,数据帧,0x08,7F FF FF FF 00 12 05 32 ,
524801,接收,15:19:03.996.0,0x000003c2,标准帧,数据帧,0x08,80 00 00 00 00 12 05 32 ,
524802,接收,15:19:03.996.0,0x000003c2,标准帧,数据帧,0x08,80 00 00 01 00 12 05 32 ,
524803,接收,15:19:04.012.0,0x000003c2,标准帧,数据帧,0x08,80 00 00 01 00 12 05 32 ,
524804,接收,15:19:04.028.0,0x000003c2,标准帧,数据帧,0x08,80 00 00 00 00 12 05 32 ,
524805,接收,15:19:04.028.0,0x000003c2,标准帧,数据帧,0x08,7F FF FF FE 00 12 05 32 ,
524806,接收,15:19:04.044.0,0x000003c2,标准帧,数据帧,0x08,7F FF FF FC 00 12 05 32 ,
524807,接收,15:19:04.059.0,0x000003c2,标准帧,数据帧,0x08,7F FF FF FD 00 12 05 32 ,
524808,接收,15:19:04.059.0,0x000003c2,标准帧,数据帧,0x08,7F FF FF FF 00 12 05 32 ,
524809,接收,15:19:04.074.0,0x000003c2,标准帧,数据帧,0x08,80 00 00 00 00 12 05 32 ,
524810,接收,15:19:04.090.0,0x000003c2,标准帧,数据帧,0x08,80 00 00 00 00 12 05 32 ,
524811,接收,15:19:04.090.0,0x000003c2,标准帧,数据帧,0x08,80 00 00 00 00 12 05 32 ,
524812,接收,15:19:04.105.0,0x000003c2,标准帧,数据帧,0x08,7F FF FF FF 00 12 05 32 ,
524813,接收,15:19:04.105.0,0x000003c2,标准帧,数据帧,0x08,7F FF FF FF 00 12 05 32 ,
524814,接收,15:19:04.121.0,0x000003c2,标准帧,数据帧,0x08,7F FF FF FF 00 12 05 32 ,
524815,接收,15:19:04.136.0,0x000003c2,标准帧,数据帧,0x08,7F FF FF FF 00 12 05 32 ,
524816,接收,15:19:04.136.0,0x000003c2,标准帧,数据帧,0x08,80 00 00 00 00 12 05 32 ,
524817,接收,15:19:04.152.0,0x000003c2,标准帧,数据帧,0x08,80 00 00 00 00 12 05 32 ,
524818,接收,15:19:04.168.0,0x000003c2,标准帧,数据帧,0x08,80 00 00 00 00 12 05 32 ,
524819,接收,15:19:04.168.0,0x000003c2,标准帧,数据帧,0x08,7F FF FF FF 00 12 05 32 ,
524820,接收,15:19:04.183.0,0x000003c2,标准帧,数据帧,0x08,80 00 00 00 00 12 05 32 ,
524821,接收,15:19:04.199.0,0x000003c2,标准帧,数据帧,0x08,80 00 00 01 00 12 05 32 ,
524822,接收,15:19:04.199.0,0x000003c2,标准帧,数据帧,0x08,80 00 00 00 00 12 05 32 ,
524823,接收,15:19:04.215.0,0x000003c2,标准帧,数据帧,0x08,80 00 00 00 00 12 05 32 ,
524824,接收,15:19:04.215.0,0x000003c2,标准帧,数据帧,0x08,80 00 00 00 00 12 05 32 ,
524825,接收,15:19:04.231.0,0x000003c2,标准帧,数据帧,0x08,7F FF FF FF 00 12 05 32 ,
524826,接收,15:19:04.247.0,0x000003c2,标准帧,数据帧,0x08,80 00 00 00 00 12 05 32 ,
524827,接收,15:19:04.247.0,0x000003c2,标准帧,数据帧,0x08,80 00 00 00 00 12 05 32 ,
524828,接收,15:19:04.263.0,0x000003c2,标准帧,数据帧,0x08,80 00 00 00 00 12 05 32 ,
524829,接收,15:19:04.278.0,0x000003c2,标准帧,数据帧,0x08,7F FF FF FF 00 12 05 32 ,
524830,接收,15:19:04.278.0,0x000003c2,标准帧,数据帧,0x08,7F FF FF FF 00 12 05 32 ,
524831,接收,15:19:04.294.0,0x000003c2,标准帧,数据帧,0x08,7F FF FF FF 00 12 05 32 ,
524832,接收,15:19:04.310.0,0x000003c2,标准帧,数据帧,0x08,7F FF FF FE 00 12 05 32 ,
524833,接收,15:19:04.310.0,0x000003c2,标准帧,数据帧,0x08,7F FF FF FD 00 12 05 32 ,
524834,接收,15:19:04.325.0,0x000003c2,标准帧,数据帧,0x08,7F FF FF FD 00 12 05 32 ,
524835,接收,15:19:04.325.0,0x000003c2,标准帧,数据帧,0x08,7F FF FF FE 00 12 05 32 ,
524836,接收,15:19:04.340.0,0x000003c2,标准帧,数据帧,0x08,7F FF FF FF 00 12 05 32 ,
524837,接收,15:19:04.356.0,0x000003c2,标准帧,数据帧,0x08,80 00 00 00 00 12 05 32 ,
524838,接收,15:19:04.356.0,0x000003c2,标准帧,数据帧,0x08,80 00 00 01 00 12 05 32 ,
524839,接收,15:19:04.371.0,0x000003c2,标准帧,数据帧,0x08,80 00 00 01 00 12 05 32 ,
524840,接收,15:19:04.387.0,0x000003c2,标准帧,数据帧,0x08,80 00 00 00 00 12 05 32 ,
524841,接收,15:19:04.387.0,0x000003c2,标准帧,数据帧,0x08,7F FF FF FE 00 12 05 32 ,
524842,接收,15:19:04.403.0,0x000003c2,标准帧,数据帧,0x08,7F FF FF FE 00 12 05 32 ,
524843,接收,15:19:04.419.0,0x000003c2,标准帧,数据帧,0x08,7F FF FF FF 00 12 05 32 ,
524844,接收,15:19:04.419.0,0x000003c2,标准帧,数据帧,0x08,80 00 00 01 00 12 05 32 ,
524845,接收,15:19:04.435.0,0x000003c2,标准帧,数据帧,0x08,80 00 00 02 00 12 05 32 ,
524846,接收,15:19:04.435.0,0x000003c2,标准帧,数据帧,0x08,80 00 00 02 00 12 05 32 ,
524847,接收,15:19:04.451.0,0x000003c2,标准帧,数据帧,0x08,80 00 00 02 00 12 05 32 ,
524848,接收,15:19:04.467.0,0x000003c2,标准帧,数据帧,0x08,80 00 00 02 00 12 05 32 ,
524849,接收,15:19:04.467.0,0x000003c2,标准帧,数据帧,0x08,80 00 00 02 00 12 05 32 ,
524850,接收,15:19:04.483.0,0x000003c2,标准帧,数据帧,0x08,80 00 00 02 00 12 05 32 ,
524851,接收,15:19:04.499.0,0x000003c2,标准帧,数据帧,0x08,80 00 00 01 00 12 05 32 ,
524852,接收,15:19:04.499.0,0x000003c2,标准帧,数据帧,0x08,80 00 00 00 00 12 05 32 ,
524853,接收,15:19:04.515.0,0x000003c2,标准帧,数据帧,0x08,7F FF FF FF 00 12 05 32 ,
524854,接收,15:19:04.515.0,0x000003c2,标准帧,数据帧,0x08,7F FF FF FE 00 12 05 32 ,
524855,接收,15:19:04.530.0,0x000003c2,标准帧,数据帧,0x08,7F FF FF FD 00 12 05 32 ,
524856,接收,15:19:04.546.0,0x000003c2,标准帧,数据帧,0x08,7F FF FF FC 00 12 05 32 ,
524857,接收,15:19:04.546.0,0x000003c2,标准帧,数据帧,0x08,7F FF FF FC 00 12 05 32 ,
524858,接收,15:19:04.562.0,0x000003c2,标准帧,数据帧,0x08,7F FF FF FC 00 12 05 32 ,
524859,接收,15:19:04.578.0,0x000003c2,标准帧,数据帧,0x08,7F FF FF FC 00 12 05 32 ,
524860,接收,15:19:04.578.0,0x000003c2,标准帧,数据帧,0x08,7F FF FF FC 00 12 05 32 ,
524861,接收,15:19:04.593.0,0x000003c2,标准帧,数据帧,0x08,7F FF FF FD 00 12 05 32 ,
524862,接收,15:19:04.594.0,0x000003c2,标准帧,数据帧,0x08,7F FF FF FC 00 12 05 32 ,
524863,接收,15:19:04.609.0,0x000003c2,标准帧,数据帧,0x08,7F FF FF FC 00 12 05 32 ,
524864,接收,15:19:04.624.0,0x000003c2,标准帧,数据帧,0x08,7F FF FF FC 00 12 05 32 ,
524865,接收,15:19:04.624.0,0x000003c2,标准帧,数据帧,0x08,7F FF FF FC 00 12 05 32 ,
524866,接收,15:19:04.640.0,0x000003c2,标准帧,数据帧,0x08,7F FF FF FC 00 12 05 32 ,
524867,接收,15:19:04.656.0,0x000003c2,标准帧,数据帧,0x08,7F FF FF FD 00 12 05 32 ,
524868,接收,15:19:04.656.0,0x000003c2,标准帧,数据帧,0x08,7F FF FF FE 00 12 05 32 ,
524869,接收,15:19:04.671.0,0x000003c2,标准帧,数据帧,0x08,7F FF FF FE 00 12 05 32 ,
524870,接收,15:19:04.687.0,0x000003c2,标准帧,数据帧,0x08,7F FF FF FE 00 12 05 32 ,
524871,接收,15:19:04.687.0,0x000003c2,标准帧,数据帧,0x08,7F FF FF FF 00 12 05 32 ,
524872,接收,15:19:04.703.0,0x000003c2,标准帧,数据帧,0x08,7F FF FF FF 00 12 05 32 ,
524873,接收,15:19:04.703.0,0x000003c2,标准帧,数据帧,0x08,80 00 00 00 00 12 05 32 ,
524874,接收,15:19:04.719.0,0x000003c2,标准帧,数据帧,0x08,7F FF FF FF 00 12 05 32 ,
524875,接收,15:19:04.734.0,0x000003c2,标准帧,数据帧,0x08,7F FF FF FF 00 12 05 32 ,
524876,接收,15:19:04.734.0,0x000003c2,标准帧,数据帧,0x08,80 00 00 00 00 12 05 32 ,
524877,接收,15:19:04.750.0,0x000003c2,标准帧,数据帧,0x08,80 00 00 01 00 12 05 32 ,
524878,接收,15:19:04.767.0,0x000003c2,标准帧,数据帧,0x08,80 00 00 01 00 12 05 32 ,
524879,接收,15:19:04.767.0,0x000003c2,标准帧,数据帧,0x08,80 00 00 00 00 12 05 32 ,
524880,接收,15:19:04.782.0,0x000003c2,标准帧,数据帧,0x08,80 00 00 00 00 12 05 32 ,
524881,接收,15:19:04.798.0,0x000003c2,标准帧,数据帧,0x08,80 00 00 00 00 12 05 32 ,
524882,接收,15:19:04.798.0,0x000003c2,标准帧,数据帧,0x08,80 00 00 00 00 12 05 32 ,
524883,接收,15:19:04.814.0,0x000003c2,标准帧,数据帧,0x08,80 00 00 00 00 12 05 32 ,
524884,接收,15:19:04.814.0,0x000003c2,标准帧,数据帧,0x08,7F FF FF FF 00 12 05 32 ,
524885,接收,15:19:04.830.0,0x000003c2,标准帧,数据帧,0x08,7F FF FF FF 00 12 05 32 ,
524886,接收,15:19:04.845.0,0x000003c2,标准帧,数据帧,0x08,7F FF FF FE 00 12 05 32 ,
524887,接收,15:19:04.845.0,0x000003c2,标准帧,数据帧,0x08,7F FF FF FE 00 12 05 32 ,
524888,接收,15:19:04.861.0,0x000003c2,标准帧,数据帧,0x08,7F FF FF FD 00 12 05 32 ,
524889,接收,15:19:04.877.0,0x000003c2,标准帧,数据帧,0x08,7F FF FF FD 00 12 05 32 ,
524890,接收,15:19:04.877.0,0x000003c2,标准帧,数据帧,0x08,7F FF FF FD 00 12 05 32 ,
524891,接收,15:19:04.892.0,0x000003c2,标准帧,数据帧,0x08,7F FF FF FF 00 12 05 32 ,
524892,接收,15:19:04.892.0,0x000003c2,标准帧,数据帧,0x08,7F FF FF FF 00 12 05 32 ,
524893,接收,15:19:04.908.0,0x000003c2,标准帧,数据帧,0x08,7F FF FF FD 00 12 05 32 ,
524894,接收,15:19:04.923.0,0x000003c2,标准帧,数据帧,0x08,7F FF FF FC 00 12 05 32 ,
524895,接收,15:19:04.923.0,0x000003c2,标准帧,数据帧,0x08,7F FF FF FC 00 12 05 32 ,
524896,接收,15:19:04.939.0,0x000003c2,标准帧,数据帧,0x08,7F FF FF FE 00 12 05 32 ,
524897,接收,15:19:04.955.0,0x000003c2,标准帧,数据帧,0x08,7F FF FF FF 00 12 05 32 ,
524898,接收,15:19:04.955.0,0x000003c2,标准帧,数据帧,0x08,7F FF FF FF 00 12 05 32 ,
524899,接收,15:19:04.970.0,0x000003c2,标准帧,数据帧,0x08,7F FF FF FE 00 12 05 32 ,
524900,接收,15:19:04.986.0,0x000003c2,标准帧,数据帧,0x08,7F FF FF FD 00 12 05 32 ,
524901,接收,15:19:04.986.0,0x000003c2,标准帧,数据帧,0x08,7F FF FF FC 00 12 05 32 ,
524902,接收,15:19:05.002.0,0x000003c2,标准帧,数据帧,0x08,7F FF FF FD 00 12 05 32 ,
524903,接收,15:19:05.002.0,0x000003c2,标准帧,数据帧,0x08,7F FF FF FE 00 12 05 32 ,
524904,接收,15:19:05.018.0,0x000003c2,标准帧,数据帧,0x08,7F FF FF FF 00 12 05 32 ,
524905,接收,15:19:05.034.0,0x000003c2,标准帧,数据帧,0x08,80 00 00 00 00 12 05 32 ,
524906,接收,15:19:05.034.0,0x000003c2,标准帧,数据帧,0x08,80 00 00 01 00 12 05 32 ,
524907,接收,15:19:05.050.0,0x000003c2,标准帧,数据帧,0x08,80 00 00 00 00 12 05 32 ,
524908,接收,15:19:05.066.0,0x000003c2,标准帧,数据帧,0x08,7F FF FF FE 00 12 05 32 ,
524909,接收,15:19:05.066.0,0x000003c2,标准帧,数据帧,0x08,7F FF FF FC 00 12 05 32 ,
524910,接收,15:19:05.081.0,0x000003c2,标准帧,数据帧,0x08,7F FF FF FB 00 12 05 32 ,
524911,接收,15:19:05.081.0,0x000003c2,标准帧,数据帧,0x08,7F FF FF FB 00 12 05 32 ,
524912,接收,15:19:05.097.0,0x000003c2,标准帧,数据帧,0x08,7F FF FF FC 00 12 05 32 ,
524913,接收,15:19:05.113.0,0x000003c2,标准帧,数据帧,0x08,7F FF FF FD 00 12 05 32 ,
524914,接收,15:19:05.113.0,0x000003c2,标准帧,数据帧,0x08,7F FF FF FD 00 12 05 32 ,
524915,接收,15:19:05.128.0,0x000003c2,标准帧,数据帧,0x08,7F FF FF FC 00 12 05 32 ,
524916,接收,15:19:05.144.0,0x000003c2,标准帧,数据帧,0x08,7F FF FF FD 00 12 05 32 ,
524917,接收,15:19:05.144.0,0x000003c2,标准帧,数据帧,0x08,7F FF FF FF 00 12 05 32 ,
524918,接收,15:19:05.159.0,0x000003c2,标准帧,数据帧,0x08,7F FF FF FF 00 12 05 32 ,
524919,接收,15:19:05.175.0,0x000003c2,标准帧,数据帧,0x08,7F FF FF FE 00 12 05 32 ,
524920,接收,15:19:05.175.0,0x000003c2,标准帧,数据帧,0x08,7F FF FF FC 00 12 05 32 ,
524921,接收,15:19:05.190.0,0x000003c2,标准帧,数据帧,0x08,7F FF FF FB 00 12 05 32 ,
524922,接收,15:19:05.206.0,0x000003c2,标准帧,数据帧,0x08,7F FF FF FC 00 12 05 32 ,
524923,接收,15:19:05.206.0,0x000003c2,标准帧,数据帧,0x08,7F FF FF FD 00 12 05 32 ,
524924,接收,15:19:05.221.0,0x000003c2,标准帧,数据帧,0x08,7F FF FF FE 00 12 05 32 ,
524925,接收,15:19:05.221.0,0x000003c2,标准帧,数据帧,0x08,7F FF FF FF 00 12 05 32 ,
524926,接收,15:19:05.237.0,0x000003c2,标准帧,数据帧,0x08,7F FF FF FF 00 12 05 32 ,
524927,接收,15:19:05.252.0,0x000003c2,标准帧,数据帧,0x08,7F FF FF FE 00 12 05 32 ,
524928,接收,15:19:05.252.0,0x000003c2,标准帧,数据帧,0x08,7F FF FF FE 00 12 05 32 ,
524929,接收,15:19:05.268.0,0x000003c2,标准帧,数据帧,0x08,7F FF FF FE 00 12 05 32 ,
524930,接收,15:19:05.284.0,0x000003c2,标准帧,数据帧,0x08,7F FF FF FE 00 12 05 32 ,
524931,接收,15:19:05.284.0,0x000003c2,标准帧,数据帧,0x08,7F FF FF FE 00 12 05 32 ,
524932,接收,15:19:05.300.0,0x000003c2,标准帧,数据帧,0x08,7F FF FF FE 00 12 05 32 ,
524933,接收,15:19:05.300.0,0x000003c2,标准帧,数据帧,0x08,7F FF FF FE 00 12 05 32 ,
524934,接收,15:19:05.316.0,0x000003c2,标准帧,数据帧,0x08,7F FF FF FD 00 12 05 32 ,
524935,接收,15:19:05.332.0,0x000003c2,标准帧,数据帧,0x08,7F FF FF FD 00 12 05 32 ,
524936,接收,15:19:05.332.0,0x000003c2,标准帧,数据帧,0x08,7F FF FF FF 00 12 05 32 ,
524937,接收,15:19:05.348.0,0x000003c2,标准帧,数据帧,0x08,80 00 00 00 00 12 05 32 ,
524938,接收,15:19:05.364.0,0x000003c2,标准帧,数据帧,0x08,80 00 00 01 00 12 05 32 ,
524939,接收,15:19:05.364.0,0x000003c2,标准帧,数据帧,0x08,80 00 00 01 00 12 05 32 ,
524940,接收,15:19:05.380.0,0x000003c2,标准帧,数据帧,0x08,80 00 00 00 00 12 05 32 ,
524941,接收,15:19:05.395.0,0x000003c2,标准帧,数据帧,0x08,7F FF FF FF 00 12 05 32 ,
524942,接收,15:19:05.395.0,0x000003c2,标准帧,数据帧,0x08,7F FF FF FE 00 12 05 32 ,
524943,接收,15:19:05.410.0,0x000003c2,标准帧,数据帧,0x08,7F FF FF FD 00 12 05 32 ,
524944,接收,15:19:05.426.0,0x000003c2,标准帧,数据帧,0x08,7F FF FF FD 00 12 05 32 ,
524945,接收,15:19:05.426.0,0x000003c2,标准帧,数据帧,0x08,7F FF FF FD 00 12 05 32 ,
524946,接收,15:19:05.442.0,0x000003c2,标准帧,数据帧,0x08,7F FF FF FE 00 12 05 32 ,
524947,接收,15:19:05.442.0,0x000003c2,标准帧,数据帧,0x08,7F FF FF FF 00 12 05 32 ,
524948,接收,15:19:05.457.0,0x000003c2,标准帧,数据帧,0x08,7F FF FF FF 00 12 05 32 ,
524949,接收,15:19:05.473.0,0x000003c2,标准帧,数据帧,0x08,7F FF FF FF 00 12 05 32 ,
524950,接收,15:19:05.473.0,0x000003c2,标准帧,数据帧,0x08,7F FF FF FD 00 12 05 32 ,
524951,接收,15:19:05.489.0,0x000003c2,标准帧,数据帧,0x08,7F FF FF FC 00 12 05 32 ,
524952,接收,15:19:05.504.0,0x000003c2,标准帧,数据帧,0x08,7F FF FF FE 00 12 05 32 ,
524953,接收,15:19:05.504.0,0x000003c2,标准帧,数据帧,0x08,7F FF FF FF 00 12 05 32 ,
524954,接收,15:19:05.520.0,0x000003c2,标准帧,数据帧,0x08,80 00 00 00 00 12 05 32 ,
524955,接收,15:19:05.520.0,0x000003c2,标准帧,数据帧,0x08,80 00 00 00 00 12 05 32 ,
524956,接收,15:19:05.536.0,0x000003c2,标准帧,数据帧,0x08,7F FF FF FF 00 12 05 32 ,
524957,接收,15:19:05.552.0,0x000003c2,标准帧,数据帧,0x08,7F FF FF FE 00 12 05 32 ,
524958,接收,15:19:05.552.0,0x000003c2,标准帧,数据帧,0x08,7F FF FF FD 00 12 05 32 ,
524959,接收,15:19:05.568.0,0x000003c2,标准帧,数据帧,0x08,7F FF FF FE 00 12 05 32 ,
524960,接收,15:19:05.583.0,0x000003c2,标准帧,数据帧,0x08,7F FF FF FE 00 12 05 32 ,
524961,接收,15:19:05.583.0,0x000003c2,标准帧,数据帧,0x08,7F FF FF FD 00 12 05 32 ,
524962,接收,15:19:05.599.0,0x000003c2,标准帧,数据帧,0x08,7F FF FF FC 00 12 05 32 ,
524963,接收,15:19:05.614.0,0x000003c2,标准帧,数据帧,0x08,7F FF FF FA 00 12 05 32 ,
524964,接收,15:19:05.614.0,0x000003c2,标准帧,数据帧,0x08,7F FF FF FA 00 12 05 32 ,
524965,接收,15:19:05.630.0,0x000003c2,标准帧,数据帧,0x08,7F FF FF FA 00 12 05 32 ,
524966,接收,15:19:05.630.0,0x000003c2,标准帧,数据帧,0x08,7F FF FF FA 00 12 05 32 ,
524967,接收,15:19:05.646.0,0x000003c2,标准帧,数据帧,0x08,7F FF FF FA 00 12 05 32 ,
524968,接收,15:19:05.662.0,0x000003c2,标准帧,数据帧,0x08,7F FF FF FA 00 12 05 32 ,
524969,接收,15:19:05.662.0,0x000003c2,标准帧,数据帧,0x08,7F FF FF FB 00 12 05 32 ,
524970,接收,15:19:05.678.0,0x000003c2,标准帧,数据帧,0x08,7F FF FF FC 00 12 05 32 ,
524971,接收,15:19:05.694.0,0x000003c2,标准帧,数据帧,0x08,7F FF FF FD 00 12 05 32 ,
524972,接收,15:19:05.694.0,0x000003c2,标准帧,数据帧,0x08,7F FF FF FD 00 12 05 32 ,
524973,接收,15:19:05.710.0,0x000003c2,标准帧,数据帧,0x08,7F FF FF FD 00 12 05 32 ,
524974,接收,15:19:05.710.0,0x000003c2,标准帧,数据帧,0x08,7F FF FF FE 00 12 05 32 ,
524975,接收,15:19:05.726.0,0x000003c2,标准帧,数据帧,0x08,7F FF FF FE 00 12 05 32 ,
524976,接收,15:19:05.742.0,0x000003c2,标准帧,数据帧,0x08,7F FF FF FE 00 12 05 32 ,
524977,接收,15:19:05.742.0,0x000003c2,标准帧,数据帧,0x08,7F FF FF FE 00 12 05 32 ,
524978,接收,15:19:05.758.0,0x000003c2,标准帧,数据帧,0x08,7F FF FF FE 00 12 05 32 ,
524979,接收,15:19:05.773.0,0x000003c2,标准帧,数据帧,0x08,7F FF FF FE 00 12 05 32 ,
524980,接收,15:19:05.773.0,0x000003c2,标准帧,数据帧,0x08,7F FF FF FE 00 12 05 32 ,
524981,接收,15:19:05.789.0,0x000003c2,标准帧,数据帧,0x08,7F FF FF FE 00 12 05 32 ,
524982,接收,15:19:05.789.0,0x000003c2,标准帧,数据帧,0x08,7F FF FF FF 00 12 05 32 ,
524983,接收,15:19:05.805.0,0x000003c2,标准帧,数据帧,0x08,80 00 00 00 00 12 05 32 ,
524984,接收,15:19:05.821.0,0x000003c2,标准帧,数据帧,0x08,7F FF FF FF 00 12 05 32 ,
524985,接收,15:19:05.821.0,0x000003c2,标准帧,数据帧,0x08,7F FF FF FE 00 12 05 32 ,
524986,接收,15:19:05.836.0,0x000003c2,标准帧,数据帧,0x08,7F FF FF FE 00 12 05 32 ,
524987,接收,15:19:05.851.0,0x000003c2,标准帧,数据帧,0x08,7F FF FF FE 00 12 05 32 ,
524988,接收,15:19:05.851.0,0x000003c2,标准帧,数据帧,0x08,7F FF FF FD 00 12 05 32 ,
524989,接收,15:19:05.867.0,0x000003c2,标准帧,数据帧,0x08,7F FF FF FC 00 12 05 32 ,
524990,接收,15:19:05.883.0,0x000003c2,标准帧,数据帧,0x08,7F FF FF FC 00 12 05 32 ,
524991,接收,15:19:05.883.0,0x000003c2,标准帧,数据帧,0x08,7F FF FF FC 00 12 05 32 ,
524992,接收,15:19:05.899.0,0x000003c2,标准帧,数据帧,0x08,7F FF FF FD 00 12 05 32 ,
524993,接收,15:19:05.899.0,0x000003c2,标准帧,数据帧,0x08,7F FF FF FE 00 12 05 32 ,
524994,接收,15:19:05.915.0,0x000003c2,标准帧,数据帧,0x08,80 00 00 00 00 12 05 32 ,
524995,接收,15:19:05.931.0,0x000003c2,标准帧,数据帧,0x08,80 00 00 00 00 12 05 32 ,
524996,接收,15:19:05.931.0,0x000003c2,标准帧,数据帧,0x08,80 00 00 00 00 12 05 32 ,
524997,接收,15:19:05.946.0,0x000003c2,标准帧,数据帧,0x08,7F FF FF FF 00 12 05 32 ,
524998,接收,15:19:05.962.0,0x000003c2,标准帧,数据帧,0x08,7F FF FF FF 00 12 05 32 ,
524999,接收,15:19:05.962.0,0x000003c2,标准帧,数据帧,0x08,7F FF FF FF 00 12 05 32 ,
525000,接收,15:19:05.978.0,0x000003c2,标准帧,数据帧,0x08,7F FF FF FF 00 12 05 32 ,
525001,接收,15:19:05.992.0,0x000003c2,标准帧,数据帧,0x08,7F FF FF FF 00 12 05 32 ,
525002,接收,15:19:05.992.0,0x000003c2,标准帧,数据帧,0x08,7F FF FF FF 00 12 05 32 ,
525003,接收,15:19:06.008.0,0x000003c2,标准帧,数据帧,0x08,7F FF FF FE 00 12 05 32 ,
525004,接收,15:19:06.009.0,0x000003c2,标准帧,数据帧,0x08,7F FF FF FD 00 12 05 32 ,
525005,接收,15:19:06.024.0,0x000003c2,标准帧,数据帧,0x08,7F FF FF FD 00 12 05 32 ,
525006,接收,15:19:06.040.0,0x000003c2,标准帧,数据帧,0x08,7F FF FF FE 00 12 05 32 ,
525007,接收,15:19:06.040.0,0x000003c2,标准帧,数据帧,0x08,7F FF FF FF 00 12 05 32 ,
525008,接收,15:19:06.055.0,0x000003c2,标准帧,数据帧,0x08,7F FF FF FF 00 12 05 32 ,
525009,接收,15:19:06.071.0,0x000003c2,标准帧,数据帧,0x08,7F FF FF FF 00 12 05 32 ,
525010,接收,15:19:06.071.0,0x000003c2,标准帧,数据帧,0x08,7F FF FF FF 00 12 05 32 ,
525011,接收,15:19:06.086.0,0x000003c2,标准帧,数据帧,0x08,7F FF FF FF 00 12 05 32 ,
525012,接收,15:19:06.101.0,0x000003c2,标准帧,数据帧,0x08,7F FF FF FE 00 12 05 32 ,
525013,接收,15:19:06.101.0,0x000003c2,标准帧,数据帧,0x08,7F FF FF FE 00 12 05 32 ,
525014,接收,15:19:06.116.0,0x000003c2,标准帧,数据帧,0x08,7F FF FF FE 00 12 05 32 ,
525015,接收,15:19:06.132.0,0x000003c2,标准帧,数据帧,0x08,7F FF FF FF 00 12 05 32 ,
525016,接收,15:19:06.132.0,0x000003c2,标准帧,数据帧,0x08,7F FF FF FE 00 12 05 32 ,
525017,接收,15:19:06.148.0,0x000003c2,标准帧,数据帧,0x08,7F FF FF FB 00 12 05 32 ,
525018,接收,15:19:06.148.0,0x000003c2,标准帧,数据帧,0x08,7F FF FF FA 00 12 05 32 ,
525019,接收,15:19:06.164.0,0x000003c2,标准帧,数据帧,0x08,7F FF FF FA 00 12 05 32 ,
525020,接收,15:19:06.180.0,0x000003c2,标准帧,数据帧,0x08,7F FF FF FB 00 12 05 32 ,
525021,接收,15:19:06.180.0,0x000003c2,标准帧,数据帧,0x08,7F FF FF FB 00 12 05 32 ,
525022,接收,15:19:06.195.0,0x000003c2,标准帧,数据帧,0x08,7F FF FF FB 00 12 05 32 ,
525023,接收,15:19:06.211.0,0x000003c2,标准帧,数据帧,0x08,7F FF FF FC 00 12 05 32 ,
525024,接收,15:19:06.211.0,0x000003c2,标准帧,数据帧,0x08,7F FF FF FE 00 12 05 32 ,
525025,接收,15:19:06.227.0,0x000003c2,标准帧,数据帧,0x08,7F FF FF FE 00 12 05 32 ,
525026,接收,15:19:06.242.0,0x000003c2,标准帧,数据帧,0x08,7F FF FF FE 00 12 05 32 ,
525027,接收,15:19:06.242.0,0x000003c2,标准帧,数据帧,0x08,7F FF FF FE 00 12 05 32 ,
525028,接收,15:19:06.257.0,0x000003c2,标准帧,数据帧,0x08,7F FF FF FF 00 12 05 32 ,
525029,接收,15:19:06.257.0,0x000003c2,标准帧,数据帧,0x08,80 00 00 00 00 12 05 32 ,
525030,接收,15:19:06.273.0,0x000003c2,标准帧,数据帧,0x08,80 00 00 00 00 12 05 32 ,
525031,接收,15:19:06.289.0,0x000003c2,标准帧,数据帧,0x08,80 00 00 00 00 12 05 32 ,
525032,接收,15:19:06.289.0,0x000003c2,标准帧,数据帧,0x08,80 00 00 00 00 12 05 32 ,
525033,接收,15:19:06.305.0,0x000003c2,标准帧,数据帧,0x08,7F FF FF FF 00 12 05 32 ,
525034,接收,15:19:06.320.0,0x000003c2,标准帧,数据帧,0x08,7F FF FF FD 00 12 05 32 ,
525035,接收,15:19:06.320.0,0x000003c2,标准帧,数据帧,0x08,7F FF FF FC 00 12 05 32 ,
525036,接收,15:19:06.336.0,0x000003c2,标准帧,数据帧,0x08,7F FF FF FD 00 12 05 32 ,
525037,接收,15:19:06.352.0,0x000003c2,标准帧,数据帧,0x08,7F FF FF FF 00 12 05 32 ,
525038,接收,15:19:06.352.0,0x000003c2,标准帧,数据帧,0x08,80 00 00 00 00 12 05 32 ,
525039,接收,15:19:06.368.0,0x000003c2,标准帧,数据帧,0x08,80 00 00 01 00 12 05 32 ,
525040,接收,15:19:06.368.0,0x000003c2,标准帧,数据帧,0x08,80 00 00 01 00 12 05 32 ,
525041,接收,15:19:06.383.0,0x000003c2,标准帧,数据帧,0x08,7F FF FF FF 00 12 05 32 ,
525042,接收,15:19:06.399.0,0x000003c2,标准帧,数据帧,0x08,7F FF FF FE 00 12 05 32 ,
525043,接收,15:19:06.399.0,0x000003c2,标准帧,数据帧,0x08,7F FF FF FD 00 12 05 32 ,
525044,接收,15:19:06.415.0,0x000003c2,标准帧,数据帧,0x08,7F FF FF FD 00 12 05 32 ,
525045,接收,15:19:06.430.0,0x000003c2,标准帧,数据帧,0x08,7F FF FF FC 00 12 05 32 ,
525046,接收,15:19:06.430.0,0x000003c2,标准帧,数据帧,0x08,7F FF FF FC 00 12 05 32 ,
525047,接收,15:19:06.446.0,0x000003c2,标准帧,数据帧,0x08,7F FF FF FC 00 12 05 32 ,
525048,接收,15:19:06.460.0,0x000003c2,标准帧,数据帧,0x08,7F FF FF FD 00 12 05 32 ,
525049,接收,15:19:06.460.0,0x000003c2,标准帧,数据帧,0x08,7F FF FF FD 00 12 05 32 ,
525050,接收,15:19:06.476.0,0x000003c2,标准帧,数据帧,0x08,7F FF FF FE 00 12 05 32 ,
525051,接收,15:19:06.492.0,0x000003c2,标准帧,数据帧,0x08,7F FF FF FE 00 12 05 32 ,
525052,接收,15:19:06.492.0,0x000003c2,标准帧,数据帧,0x08,7F FF FF FE 00 12 05 32 ,
525053,接收,15:19:06.507.0,0x000003c2,标准帧,数据帧,0x08,7F FF FF FE 00 12 05 32 ,
525054,接收,15:19:06.507.0,0x000003c2,标准帧,数据帧,0x08,7F FF FF FE 00 12 05 32 ,
525055,接收,15:19:06.523.0,0x000003c2,标准帧,数据帧,0x08,7F FF FF FD 00 12 05 32 ,
525056,接收,15:19:06.538.0,0x000003c2,标准帧,数据帧,0x08,7F FF FF FD 00 12 05 32 ,
525057,接收,15:19:06.538.0,0x000003c2,标准帧,数据帧,0x08,7F FF FF FD 00 12 05 32 ,
525058,接收,15:19:06.554.0,0x000003c2,标准帧,数据帧,0x08,7F FF FF FE 00 12 05 32 ,
525059,接收,15:19:06.570.0,0x000003c2,标准帧,数据帧,0x08,7F FF FF FF 00 12 05 32 ,
525060,接收,15:19:06.570.0,0x000003c2,标准帧,数据帧,0x08,7F FF FF FE 00 12 05 32 ,
525061,接收,15:19:06.586.0,0x000003c2,标准帧,数据帧,0x08,7F FF FF FE 00 12 05 32 ,
525062,接收,15:19:06.586.0,0x000003c2,标准帧,数据帧,0x08,7F FF FF FF 00 12 05 32 ,
525063,接收,15:19:06.601.0,0x000003c2,标准帧,数据帧,0x08,7F FF FF FF 00 12 05 32 ,
525064,接收,15:19:06.617.0,0x000003c2,标准帧,数据帧,0x08,7F FF FF FE 00 12 05 32 ,
525065,接收,15:19:06.617.0,0x000003c2,标准帧,数据帧,0x08,7F FF FF FD 00 12 05 32 ,
525066,接收,15:19:06.633.0,0x000003c2,标准帧,数据帧,0x08,7F FF FF FD 00 12 05 32 ,
525067,接收,15:19:06.649.0,0x000003c2,标准帧,数据帧,0x08,7F FF FF FC 00 12 05 32 ,
525068,接收,15:19:06.649.0,0x000003c2,标准帧,数据帧,0x08,7F FF FF FB 00 12 05 32 ,
525069,接收,15:19:06.665.0,0x000003c2,标准帧,数据帧,0x08,7F FF FF FC 00 12 05 32 ,
525070,接收,15:19:06.680.0,0x000003c2,标准帧,数据帧,0x08,7F FF FF FD 00 12 05 32 ,
525071,接收,15:19:06.680.0,0x000003c2,标准帧,数据帧,0x08,7F FF FF FD 00 12 05 32 ,
525072,接收,15:19:06.696.0,0x000003c2,标准帧,数据帧,0x08,7F FF FF FE 00 12 05 32 ,
525073,接收,15:19:06.696.0,0x000003c2,标准帧,数据帧,0x08,7F FF FF FF 00 12 05 32 ,
525074,接收,15:19:06.712.0,0x000003c2,标准帧,数据帧,0x08,7F FF FF FF 00 12 05 32 ,
525075,接收,15:19:06.727.0,0x000003c2,标准帧,数据帧,0x08,7F FF FF FE 00 12 05 32 ,
525076,接收,15:19:06.727.0,0x000003c2,标准帧,数据帧,0x08,7F FF FF FD 00 12 05 32 ,
525077,接收,15:19:06.742.0,0x000003c2,标准帧,数据帧,0x08,7F FF FF FE 00 12 05 32 ,
525078,接收,15:19:06.758.0,0x000003c2,标准帧,数据帧,0x08,7F FF FF FE 00 12 05 32 ,
525079,接收,15:19:06.758.0,0x000003c2,标准帧,数据帧,0x08,7F FF FF FF 00 12 05 32 ,
525080,接收,15:19:06.774.0,0x000003c2,标准帧,数据帧,0x08,7F FF FF FF 00 12 05 32 ,
525081,接收,15:19:06.791.0,0x000003c2,标准帧,数据帧,0x08,7F FF FF FF 00 12 05 32 ,
525082,接收,15:19:06.791.0,0x000003c2,标准帧,数据帧,0x08,7F FF FF FF 00 12 05 32 ,
525083,接收,15:19:06.806.0,0x000003c2,标准帧,数据帧,0x08,7F FF FF FF 00 12 05 32 ,
525084,接收,15:19:06.806.0,0x000003c2,标准帧,数据帧,0x08,80 00 00 00 00 12 05 32 ,
525085,接收,15:19:06.822.0,0x000003c2,标准帧,数据帧,0x08,80 00 00 00 00 12 05 32 ,
525086,接收,15:19:06.837.0,0x000003c2,标准帧,数据帧,0x08,80 00 00 00 00 12 05 32 ,
525087,接收,15:19:06.837.0,0x000003c2,标准帧,数据帧,0x08,7F FF FF FD 00 12 05 32 ,
525088,接收,15:19:06.852.0,0x000003c2,标准帧,数据帧,0x08,7F FF FF FB 00 12 05 32 ,
525089,接收,15:19:06.867.0,0x000003c2,标准帧,数据帧,0x08,7F FF FF FA 00 12 05 32 ,
525090,接收,15:19:06.867.0,0x000003c2,标准帧,数据帧,0x08,7F FF FF FB 00 12 05 32 ,
525091,接收,15:19:06.883.0,0x000003c2,标准帧,数据帧,0x08,7F FF FF FD 00 12 05 32 ,
525092,接收,15:19:06.899.0,0x000003c2,标准帧,数据帧,0x08,7F FF FF FE 00 12 05 32 ,
525093,接收,15:19:06.899.0,0x000003c2,标准帧,数据帧,0x08,7F FF FF FD 00 12 05 32 ,
525094,接收,15:19:06.915.0,0x000003c2,标准帧,数据帧,0x08,7F FF FF FD 00 12 05 32 ,
525095,接收,15:19:06.915.0,0x000003c2,标准帧,数据帧,0x08,7F FF FF FE 00 12 05 32 ,
525096,接收,15:19:06.930.0,0x000003c2,标准帧,数据帧,0x08,7F FF FF FF 00 12 05 32 ,
525097,接收,15:19:06.946.0,0x000003c2,标准帧,数据帧,0x08,7F FF FF FE 00 12 05 32 ,
525098,接收,15:19:06.946.0,0x000003c2,标准帧,数据帧,0x08,7F FF FF FD 00 12 05 32 ,
525099,接收,15:19:06.962.0,0x000003c2,标准帧,数据帧,0x08,7F FF FF FC 00 12 05 32 ,
525100,接收,15:19:06.979.0,0x000003c2,标准帧,数据帧,0x08,7F FF FF FC 00 12 05 32 ,
525101,接收,15:19:06.979.0,0x000003c2,标准帧,数据帧,0x08,7F FF FF FC 00 12 05 32 ,
525102,接收,15:19:06.994.0,0x000003c2,标准帧,数据帧,0x08,7F FF FF FC 00 12 05 32 ,
525103,接收,15:19:07.010.0,0x000003c2,标准帧,数据帧,0x08,7F FF FF FD 00 12 05 32 ,
525104,接收,15:19:07.010.0,0x000003c2,标准帧,数据帧,0x08,7F FF FF FF 00 12 05 32 ,
525105,接收,15:19:07.025.0,0x000003c2,标准帧,数据帧,0x08,80 00 00 00 00 12 05 32 ,
525106,接收,15:19:07.025.0,0x000003c2,标准帧,数据帧,0x08,7F FF FF FF 00 12 05 32 ,
525107,接收,15:19:07.042.0,0x000003c2,标准帧,数据帧,0x08,7F FF FF FF 00 12 05 32 ,
525108,接收,15:19:07.057.0,0x000003c2,标准帧,数据帧,0x08,7F FF FF FF 00 12 05 32 ,
525109,接收,15:19:07.057.0,0x000003c2,标准帧,数据帧,0x08,7F FF FF FE 00 12 05 32 ,
525110,接收,15:19:07.073.0,0x000003c2,标准帧,数据帧,0x08,7F FF FF FD 00 12 05 32 ,
525111,接收,15:19:07.088.0,0x000003c2,标准帧,数据帧,0x08,7F FF FF FC 00 12 05 32 ,
525112,接收,15:19:07.088.0,0x000003c2,标准帧,数据帧,0x08,7F FF FF FB 00 12 05 32 ,
525113,接收,15:19:07.105.0,0x000003c2,标准帧,数据帧,0x08,7F FF FF FC 00 12 05 32 ,
525114,接收,15:19:07.105.0,0x000003c2,标准帧,数据帧,0x08,7F FF FF FC 00 12 05 32 ,
525115,接收,15:19:07.120.0,0x000003c2,标准帧,数据帧,0x08,7F FF FF FD 00 12 05 32 ,
525116,接收,15:19:07.135.0,0x000003c2,标准帧,数据帧,0x08,7F FF FF FE 00 12 05 32 ,
525117,接收,15:19:07.135.0,0x000003c2,标准帧,数据帧,0x08,7F FF FF FF 00 12 05 32 ,
525118,接收,15:19:07.150.0,0x000003c2,标准帧,数据帧,0x08,7F FF FF FE 00 12 05 32 ,
525119,接收,15:19:07.166.0,0x000003c2,标准帧,数据帧,0x08,7F FF FF FD 00 12 05 32 ,
525120,接收,15:19:07.166.0,0x000003c2,标准帧,数据帧,0x08,7F FF FF FC 00 12 05 32 ,
525121,接收,15:19:07.182.0,0x000003c2,标准帧,数据帧,0x08,7F FF FF FB 00 12 05 32 ,
525122,接收,15:19:07.197.0,0x000003c2,标准帧,数据帧,0x08,7F FF FF FB 00 12 05 32 ,
525123,接收,15:19:07.197.0,0x000003c2,标准帧,数据帧,0x08,7F FF FF FC 00 12 05 32 ,
525124,接收,15:19:07.214.0,0x000003c2,标准帧,数据帧,0x08,7F FF FF FC 00 12 05 32 ,
525125,接收,15:19:07.229.0,0x000003c2,标准帧,数据帧,0x08,7F FF FF FD 00 12 05 32 ,
525126,接收,15:19:07.229.0,0x000003c2,标准帧,数据帧,0x08,7F FF FF FD 00 12 05 32 ,
525127,接收,15:19:07.245.0,0x000003c2,标准帧,数据帧,0x08,7F FF FF FE 00 12 05 32 ,
525128,接收,15:19:07.245.0,0x000003c2,标准帧,数据帧,0x08,7F FF FF FE 00 12 05 32 ,
525129,接收,15:19:07.260.0,0x000003c2,标准帧,数据帧,0x08,7F FF FF FD 00 12 05 32 ,
525130,接收,15:19:07.277.0,0x000003c2,标准帧,数据帧,0x08,7F FF FF FC 00 12 05 32 ,
525131,接收,15:19:07.277.0,0x000003c2,标准帧,数据帧,0x08,7F FF FF FB 00 12 05 32 ,
525132,接收,15:19:07.292.0,0x000003c2,标准帧,数据帧,0x08,7F FF FF FB 00 12 05 32 ,
525133,接收,15:19:07.308.0,0x000003c2,标准帧,数据帧,0x08,7F FF FF FB 00 12 05 32 ,
525134,接收,15:19:07.308.0,0x000003c2,标准帧,数据帧,0x08,7F FF FF FC 00 12 05 32 ,
525135,接收,15:19:07.324.0,0x000003c2,标准帧,数据帧,0x08,7F FF FF FD 00 12 05 32 ,
525136,接收,15:19:07.324.0,0x000003c2,标准帧,数据帧,0x08,7F FF FF FE 00 12 05 32 ,
525137,接收,15:19:07.339.0,0x000003c2,标准帧,数据帧,0x08,7F FF FF FE 00 12 05 32 ,
525138,接收,15:19:07.355.0,0x000003c2,标准帧,数据帧,0x08,7F FF FF FD 00 12 05 32 ,
525139,接收,15:19:07.355.0,0x000003c2,标准帧,数据帧,0x08,7F FF FF FD 00 12 05 32 ,
525140,接收,15:19:07.371.0,0x000003c2,标准帧,数据帧,0x08,7F FF FF FD 00 12 05 32 ,
525141,接收,15:19:07.386.0,0x000003c2,标准帧,数据帧,0x08,7F FF FF FD 00 12 05 32 ,
525142,接收,15:19:07.386.0,0x000003c2,标准帧,数据帧,0x08,7F FF FF FD 00 12 05 32 ,
525143,接收,15:19:07.402.0,0x000003c2,标准帧,数据帧,0x08,7F FF FF FD 00 12 05 32 ,
525144,接收,15:19:07.417.0,0x000003c2,标准帧,数据帧,0x08,7F FF FF FD 00 12 05 32 ,
525145,接收,15:19:07.417.0,0x000003c2,标准帧,数据帧,0x08,7F FF FF FE 00 12 05 32 ,
525146,接收,15:19:07.432.0,0x000003c2,标准帧,数据帧,0x08,7F FF FF FE 00 12 05 32 ,
525147,接收,15:19:07.447.0,0x000003c2,标准帧,数据帧,0x08,7F FF FF FE 00 12 05 32 ,
525148,接收,15:19:07.447.0,0x000003c2,标准帧,数据帧,0x08,7F FF FF FE 00 12 05 32 ,
525149,接收,15:19:07.462.0,0x000003c2,标准帧,数据帧,0x08,7F FF FF FF 00 12 05 32 ,
525150,接收,15:19:07.478.0,0x000003c2,标准帧,数据帧,0x08,7F FF FF FF 00 12 05 32 ,
525151,接收,15:19:07.478.0,0x000003c2,标准帧,数据帧,0x08,7F FF FF FF 00 12 05 32 ,
525152,接收,15:19:07.494.0,0x000003c2,标准帧,数据帧,0x08,80 00 00 00 00 12 05 32 ,
525153,接收,15:19:07.494.0,0x000003c2,标准帧,数据帧,0x08,80 00 00 00 00 12 05 32 ,
525154,接收,15:19:07.510.0,0x000003c2,标准帧,数据帧,0x08,80 00 00 00 00 12 05 32 ,
525155,接收,15:19:07.527.0,0x000003c2,标准帧,数据帧,0x08,80 00 00 00 00 12 05 32 ,
525156,接收,15:19:07.527.0,0x000003c2,标准帧,数据帧,0x08,80 00 00 00 00 12 05 32 ,
525157,接收,15:19:07.541.0,0x000003c2,标准帧,数据帧,0x08,7F FF FF FF 00 12 05 32 ,
525158,接收,15:19:07.557.0,0x000003c2,标准帧,数据帧,0x08,7F FF FF FE 00 12 05 32 ,
525159,接收,15:19:07.557.0,0x000003c2,标准帧,数据帧,0x08,7F FF FF FE 00 12 05 32 ,
525160,接收,15:19:07.573.0,0x000003c2,标准帧,数据帧,0x08,7F FF FF FE 00 12 05 32 ,
525161,接收,15:19:07.573.0,0x000003c2,标准帧,数据帧,0x08,7F FF FF FF 00 12 05 32 ,
525162,接收,15:19:07.589.0,0x000003c2,标准帧,数据帧,0x08,80 00 00 00 00 12 05 32 ,
525163,接收,15:19:07.604.0,0x000003c2,标准帧,数据帧,0x08,80 00 00 00 00 12 05 32 ,
525164,接收,15:19:07.604.0,0x000003c2,标准帧,数据帧,0x08,7F FF FF FE 00 12 05 32 ,
525165,接收,15:19:07.620.0,0x000003c2,标准帧,数据帧,0x08,7F FF FF FB 00 12 05 32 ,
525166,接收,15:19:07.636.0,0x000003c2,标准帧,数据帧,0x08,7F FF FF FB 00 12 05 32 ,
525167,接收,15:19:07.636.0,0x000003c2,标准帧,数据帧,0x08,7F FF FF FB 00 12 05 32 ,
525168,接收,15:19:07.652.0,0x000003c2,标准帧,数据帧,0x08,7F FF FF FC 00 12 05 32 ,
525169,接收,15:19:07.668.0,0x000003c2,标准帧,数据帧,0x08,7F FF FF FC 00 12 05 32 ,
525170,接收,15:19:07.668.0,0x000003c2,标准帧,数据帧,0x08,7F FF FF FE 00 12 05 32 ,
525171,接收,15:19:07.683.0,0x000003c2,标准帧,数据帧,0x08,7F FF FF FF 00 12 05 32 ,
525172,接收,15:19:07.683.0,0x000003c2,标准帧,数据帧,0x08,7F FF FF FF 00 12 05 32 ,
525173,接收,15:19:07.699.0,0x000003c2,标准帧,数据帧,0x08,7F FF FF FE 00 12 05 32 ,
525174,接收,15:19:07.715.0,0x000003c2,标准帧,数据帧,0x08,7F FF FF FD 00 12 05 32 ,
525175,接收,15:19:07.715.0,0x000003c2,标准帧,数据帧,0x08,7F FF FF FD 00 12 05 32 ,
525176,接收,15:19:07.731.0,0x000003c2,标准帧,数据帧,0x08,7F FF FF FE 00 12 05 32 ,
525177,接收,15:19:07.747.0,0x000003c2,标准帧,数据帧,0x08,7F FF FF FE 00 12 05 32 ,
525178,接收,15:19:07.747.0,0x000003c2,标准帧,数据帧,0x08,7F FF FF FF 00 12 05 32 ,
525179,接收,15:19:07.762.0,0x000003c2,标准帧,数据帧,0x08,7F FF FF FF 00 12 05 32 ,
525180,接收,15:19:07.762.0,0x000003c2,标准帧,数据帧,0x08,7F FF FF FF 00 12 05 32 ,
525181,接收,15:19:07.778.0,0x000003c2,标准帧,数据帧,0x08,7F FF FF FF 00 12 05 32 ,
525182,接收,15:19:07.794.0,0x000003c2,标准帧,数据帧,0x08,7F FF FF FE 00 12 05 32 ,
525183,接收,15:19:07.794.0,0x000003c2,标准帧,数据帧,0x08,7F FF FF FE 00 12 05 32 ,
525184,接收,15:19:07.809.0,0x000003c2,标准帧,数据帧,0x08,7F FF FF FD 00 12 05 32 ,
525185,接收,15:19:07.824.0,0x000003c2,标准帧,数据帧,0x08,7F FF FF FD 00 12 05 32 ,
525186,接收,15:19:07.824.0,0x000003c2,标准帧,数据帧,0x08,7F FF FF FD 00 12 05 32 ,
525187,接收,15:19:07.840.0,0x000003c2,标准帧,数据帧,0x08,7F FF FF FD 00 12 05 32 ,
525188,接收,15:19:07.856.0,0x000003c2,标准帧,数据帧,0x08,7F FF FF FD 00 12 05 32 ,
525189,接收,15:19:07.856.0,0x000003c2,标准帧,数据帧,0x08,7F FF FF FD 00 12 05 32 ,
525190,接收,15:19:07.872.0,0x000003c2,标准帧,数据帧,0x08,7F FF FF FE 00 12 05 32 ,
525191,接收,15:19:07.872.0,0x000003c2,标准帧,数据帧,0x08,7F FF FF FF 00 12 05 32 ,
525192,接收,15:19:07.888.0,0x000003c2,标准帧,数据帧,0x08,7F FF FF FF 00 12 05 32 ,
525193,接收,15:19:07.903.0,0x000003c2,标准帧,数据帧,0x08,7F FF FF FF 00 12 05 32 ,
525194,接收,15:19:07.903.0,0x000003c2,标准帧,数据帧,0x08,7F FF FF FE 00 12 05 32 ,
525195,接收,15:19:07.920.0,0x000003c2,标准帧,数据帧,0x08,7F FF FF FF 00 12 05 32 ,
525196,接收,15:19:07.935.0,0x000003c2,标准帧,数据帧,0x08,7F FF FF FE 00 12 05 32 ,
525197,接收,15:19:07.935.0,0x000003c2,标准帧,数据帧,0x08,7F FF FF FE 00 12 05 32 ,
525198,接收,15:19:07.950.0,0x000003c2,标准帧,数据帧,0x08,7F FF FF FD 00 12 05 32 ,
525199,接收,15:19:07.966.0,0x000003c2,标准帧,数据帧,0x08,7F FF FF FD 00 12 05 32 ,
525200,接收,15:19:07.966.0,0x000003c2,标准帧,数据帧,0x08,7F FF FF FE 00 12 05 32 ,
525201,接收,15:19:07.982.0,0x000003c2,标准帧,数据帧,0x08,7F FF FF FF 00 12 05 32 ,
525202,接收,15:19:07.982.0,0x000003c2,标准帧,数据帧,0x08,7F FF FF FF 00 12 05 32 ,
525203,接收,15:19:07.996.0,0x000003c2,标准帧,数据帧,0x08,7F FF FF FF 00 12 05 32 ,
525204,接收,15:19:08.013.0,0x000003c2,标准帧,数据帧,0x08,7F FF FF FF 00 12 05 32 ,
525205,接收,15:19:08.013.0,0x000003c2,标准帧,数据帧,0x08,7F FF FF FF 00 12 05 32 ,
525206,接收,15:19:08.028.0,0x000003c2,标准帧,数据帧,0x08,7F FF FF FD 00 12 05 32 ,
525207,接收,15:19:08.044.0,0x000003c2,标准帧,数据帧,0x08,7F FF FF FD 00 12 05 32 ,
525208,接收,15:19:08.044.0,0x000003c2,标准帧,数据帧,0x08,7F FF FF FD 00 12 05 32 ,
525209,接收,15:19:08.059.0,0x000003c2,标准帧,数据帧,0x08,7F FF FF FF 00 12 05 32 ,
525210,接收,15:19:08.074.0,0x000003c2,标准帧,数据帧,0x08,80 00 00 00 00 12 05 32 ,
525211,接收,15:19:08.074.0,0x000003c2,标准帧,数据帧,0x08,80 00 00 01 00 12 05 32 ,
525212,接收,15:19:08.090.0,0x000003c2,标准帧,数据帧,0x08,80 00 00 01 00 12 05 32 ,
525213,接收,15:19:08.090.0,0x000003c2,标准帧,数据帧,0x08,7F FF FF FF 00 12 05 32 ,
525214,接收,15:19:08.106.0,0x000003c2,标准帧,数据帧,0x08,7F FF FF FE 00 12 05 32 ,
525215,接收,15:19:08.122.0,0x000003c2,标准帧,数据帧,0x08,7F FF FF FD 00 12 05 32 ,
525216,接收,15:19:08.122.0,0x000003c2,标准帧,数据帧,0x08,7F FF FF FC 00 12 05 32 ,
525217,接收,15:19:08.137.0,0x000003c2,标准帧,数据帧,0x08,7F FF FF FB 00 12 05 32 ,
525218,接收,15:19:08.153.0,0x000003c2,标准帧,数据帧,0x08,7F FF FF FB 00 12 05 32 ,
525219,接收,15:19:08.153.0,0x000003c2,标准帧,数据帧,0x08,7F FF FF FC 00 12 05 32 ,
525220,接收,15:19:08.169.0,0x000003c2,标准帧,数据帧,0x08,7F FF FF FD 00 12 05 32 ,
525221,接收,15:19:08.185.0,0x000003c2,标准帧,数据帧,0x08,7F FF FF FD 00 12 05 32 ,
525222,接收,15:19:08.185.0,0x000003c2,标准帧,数据帧,0x08,7F FF FF FD 00 12 05 32 ,
525223,接收,15:19:08.200.0,0x000003c2,标准帧,数据帧,0x08,7F FF FF FD 00 12 05 32 ,
525224,接收,15:19:08.200.0,0x000003c2,标准帧,数据帧,0x08,7F FF FF FD 00 12 05 32 ,
525225,接收,15:19:08.216.0,0x000003c2,标准帧,数据帧,0x08,7F FF FF FC 00 12 05 32 ,
525226,接收,15:19:08.232.0,0x000003c2,标准帧,数据帧,0x08,7F FF FF FD 00 12 05 32 ,
525227,接收,15:19:08.232.0,0x000003c2,标准帧,数据帧,0x08,7F FF FF FD 00 12 05 32 ,
525228,接收,15:19:08.247.0,0x000003c2,标准帧,数据帧,0x08,7F FF FF FD 00 12 05 32 ,
525229,接收,15:19:08.263.0,0x000003c2,标准帧,数据帧,0x08,7F FF FF FD 00 12 05 32 ,
525230,接收,15:19:08.263.0,0x000003c2,标准帧,数据帧,0x08,7F FF FF FE 00 12 05 32 ,
525231,接收,15:19:08.279.0,0x000003c2,标准帧,数据帧,0x08,7F FF FF FF 00 12 05 32 ,
525232,接收,15:19:08.295.0,0x000003c2,标准帧,数据帧,0x08,7F FF FF FE 00 12 05 32 ,
525233,接收,15:19:08.295.0,0x000003c2,标准帧,数据帧,0x08,7F FF FF FD 00 12 05 32 ,
525234,接收,15:19:08.310.0,0x000003c2,标准帧,数据帧,0x08,7F FF FF FD 00 12 05 32 ,
525235,接收,15:19:08.310.0,0x000003c2,标准帧,数据帧,0x08,7F FF FF FD 00 12 05 32 ,
525236,接收,15:19:08.326.0,0x000003c2,标准帧,数据帧,0x08,7F FF FF FE 00 12 05 32 ,
525237,接收,15:19:08.341.0,0x000003c2,标准帧,数据帧,0x08,7F FF FF FF 00 12 05 32 ,
525238,接收,15:19:08.341.0,0x000003c2,标准帧,数据帧,0x08,7F FF FF FE 00 12 05 32 ,
525239,接收,15:19:08.357.0,0x000003c2,标准帧,数据帧,0x08,7F FF FF FF 00 12 05 32 ,
525240,接收,15:19:08.372.0,0x000003c2,标准帧,数据帧,0x08,7F FF FF FF 00 12 05 32 ,
525241,接收,15:19:08.372.0,0x000003c2,标准帧,数据帧,0x08,80 00 00 00 00 12 05 32 ,
525242,接收,15:19:08.388.0,0x000003c2,标准帧,数据帧,0x08,7F FF FF FF 00 12 05 32 ,
525243,接收,15:19:08.404.0,0x000003c2,标准帧,数据帧,0x08,7F FF FF FF 00 12 05 32 ,
525244,接收,15:19:08.404.0,0x000003c2,标准帧,数据帧,0x08,7F FF FF FF 00 12 05 32 ,
525245,接收,15:19:08.420.0,0x000003c2,标准帧,数据帧,0x08,7F FF FF FF 00 12 05 32 ,
525246,接收,15:19:08.420.0,0x000003c2,标准帧,数据帧,0x08,80 00 00 00 00 12 05 32 ,
525247,接收,15:19:08.435.0,0x000003c2,标准帧,数据帧,0x08,80 00 00 00 00 12 05 32 ,
525248,接收,15:19:08.451.0,0x000003c2,标准帧,数据帧,0x08,80 00 00 00 00 12 05 32 ,
525249,接收,15:19:08.451.0,0x000003c2,标准帧,数据帧,0x08,80 00 00 00 00 12 05 32 ,
525250,接收,15:19:08.466.0,0x000003c2,标准帧,数据帧,0x08,80 00 00 00 00 12 05 32 ,
525251,接收,15:19:08.482.0,0x000003c2,标准帧,数据帧,0x08,80 00 00 00 00 12 05 32 ,
525252,接收,15:19:08.482.0,0x000003c2,标准帧,数据帧,0x08,7F FF FF FF 00 12 05 32 ,
525253,接收,15:19:08.497.0,0x000003c2,标准帧,数据帧,0x08,7F FF FF FF 00 12 05 32 ,
525254,接收,15:19:08.513.0,0x000003c2,标准帧,数据帧,0x08,7F FF FF FF 00 12 05 32 ,
525255,接收,15:19:08.513.0,0x000003c2,标准帧,数据帧,0x08,80 00 00 00 00 12 05 32 ,
525256,接收,15:19:08.528.0,0x000003c2,标准帧,数据帧,0x08,80 00 00 01 00 12 05 32 ,
525257,接收,15:19:08.544.0,0x000003c2,标准帧,数据帧,0x08,80 00 00 00 00 12 05 32 ,
525258,接收,15:19:08.544.0,0x000003c2,标准帧,数据帧,0x08,7F FF FF FD 00 12 05 32 ,
525259,接收,15:19:08.560.0,0x000003c2,标准帧,数据帧,0x08,7F FF FF FD 00 12 05 32 ,
525260,接收,15:19:08.560.0,0x000003c2,标准帧,数据帧,0x08,7F FF FF FD 00 12 05 32 ,
525261,接收,15:19:08.576.0,0x000003c2,标准帧,数据帧,0x08,7F FF FF FC 00 12 05 32 ,
525262,接收,15:19:08.592.0,0x000003c2,标准帧,数据帧,0x08,7F FF FF FC 00 12 05 32 ,
525263,接收,15:19:08.592.0,0x000003c2,标准帧,数据帧,0x08,7F FF FF FC 00 12 05 32 ,
525264,接收,15:19:08.607.0,0x000003c2,标准帧,数据帧,0x08,7F FF FF FE 00 12 05 32 ,
525265,接收,15:19:08.622.0,0x000003c2,标准帧,数据帧,0x08,7F FF FF FE 00 12 05 32 ,
525266,接收,15:19:08.622.0,0x000003c2,标准帧,数据帧,0x08,7F FF FF FD 00 12 05 32 ,
525267,接收,15:19:08.638.0,0x000003c2,标准帧,数据帧,0x08,7F FF FF FB 00 12 05 32 ,
525268,接收,15:19:08.639.0,0x000003c2,标准帧,数据帧,0x08,7F FF FF FC 00 12 05 32 ,
525269,接收,15:19:08.653.0,0x000003c2,标准帧,数据帧,0x08,7F FF FF FD 00 12 05 32 ,
525270,接收,15:19:08.669.0,0x000003c2,标准帧,数据帧,0x08,7F FF FF FE 00 12 05 32 ,
525271,接收,15:19:08.669.0,0x000003c2,标准帧,数据帧,0x08,7F FF FF FF 00 12 05 32 ,
525272,接收,15:19:08.685.0,0x000003c2,标准帧,数据帧,0x08,7F FF FF FE 00 12 05 32 ,
525273,接收,15:19:08.701.0,0x000003c2,标准帧,数据帧,0x08,7F FF FF FE 00 12 05 32 ,
525274,接收,15:19:08.701.0,0x000003c2,标准帧,数据帧,0x08,7F FF FF FE 00 12 05 32 ,
525275,接收,15:19:08.717.0,0x000003c2,标准帧,数据帧,0x08,7F FF FF FD 00 12 05 32 ,
525276,接收,15:19:08.732.0,0x000003c2,标准帧,数据帧,0x08,7F FF FF FD 00 12 05 32 ,
525277,接收,15:19:08.732.0,0x000003c2,标准帧,数据帧,0x08,7F FF FF FD 00 12 05 32 ,
525278,接收,15:19:08.748.0,0x000003c2,标准帧,数据帧,0x08,7F FF FF FD 00 12 05 32 ,
525279,接收,15:19:08.748.0,0x000003c2,标准帧,数据帧,0x08,7F FF FF FD 00 12 05 32 ,
525280,接收,15:19:08.764.0,0x000003c2,标准帧,数据帧,0x08,7F FF FF FD 00 12 05 32 ,
525281,接收,15:19:08.779.0,0x000003c2,标准帧,数据帧,0x08,7F FF FF FD 00 12 05 32 ,
525282,接收,15:19:08.779.0,0x000003c2,标准帧,数据帧,0x08,7F FF FF FD 00 12 05 32 ,
525283,接收,15:19:08.795.0,0x000003c2,标准帧,数据帧,0x08,7F FF FF FD 00 12 05 32 ,
525284,接收,15:19:08.810.0,0x000003c2,标准帧,数据帧,0x08,7F FF FF FE 00 12 05 32 ,
525285,接收,15:19:08.810.0,0x000003c2,标准帧,数据帧,0x08,7F FF FF FF 00 12 05 32 ,
525286,接收,15:19:08.827.0,0x000003c2,标准帧,数据帧,0x08,80 00 00 00 00 12 05 32 ,
525287,接收,15:19:08.842.0,0x000003c2,标准帧,数据帧,0x08,80 00 00 02 00 12 05 32 ,
525288,接收,15:19:08.842.0,0x000003c2,标准帧,数据帧,0x08,80 00 00 02 00 12 05 32 ,
525289,接收,15:19:08.858.0,0x000003c2,标准帧,数据帧,0x08,80 00 00 01 00 12 05 32 ,
525290,接收,15:19:08.858.0,0x000003c2,标准帧,数据帧,0x08,80 00 00 01 00 12 05 32 ,
525291,接收,15:19:08.873.0,0x000003c2,标准帧,数据帧,0x08,80 00 00 01 00 12 05 32 ,
525292,接收,15:19:08.890.0,0x000003c2,标准帧,数据帧,0x08,80 00 00 00 00 12 05 32 ,
525293,接收,15:19:08.890.0,0x000003c2,标准帧,数据帧,0x08,80 00 00 00 00 12 05 32 ,
525294,接收,15:19:08.905.0,0x000003c2,标准帧,数据帧,0x08,80 00 00 00 00 12 05 32 ,
525295,接收,15:19:08.921.0,0x000003c2,标准帧,数据帧,0x08,80 00 00 00 00 12 05 32 ,
525296,接收,15:19:08.921.0,0x000003c2,标准帧,数据帧,0x08,7F FF FF FF 00 12 05 32 ,
525297,接收,15:19:08.936.0,0x000003c2,标准帧,数据帧,0x08,7F FF FF FF 00 12 05 32 ,
525298,接收,15:19:08.953.0,0x000003c2,标准帧,数据帧,0x08,7F FF FF FF 00 12 05 32 ,
525299,接收,15:19:08.953.0,0x000003c2,标准帧,数据帧,0x08,7F FF FF FE 00 12 05 32 ,
525300,接收,15:19:08.968.0,0x000003c2,标准帧,数据帧,0x08,7F FF FF FE 00 12 05 32 ,
525301,接收,15:19:08.968.0,0x000003c2,标准帧,数据帧,0x08,7F FF FF FF 00 12 05 32 ,
525302,接收,15:19:08.982.0,0x000003c2,标准帧,数据帧,0x08,80 00 00 00 00 12 05 32 ,
525303,接收,15:19:08.998.0,0x000003c2,标准帧,数据帧,0x08,7F FF FF FF 00 12 05 32 ,
525304,接收,15:19:08.998.0,0x000003c2,标准帧,数据帧,0x08,7F FF FF FE 00 12 05 32 ,
525305,接收,15:19:09.014.0,0x000003c2,标准帧,数据帧,0x08,7F FF FF FE 00 12 05 32 ,
525306,接收,15:19:09.030.0,0x000003c2,标准帧,数据帧,0x08,7F FF FF FE 00 12 05 32 ,
525307,接收,15:19:09.030.0,0x000003c2,标准帧,数据帧,0x08,7F FF FF FF 00 12 05 32 ,
525308,接收,15:19:09.045.0,0x000003c2,标准帧,数据帧,0x08,7F FF FF FF 00 12 05 32 ,
525309,接收,15:19:09.060.0,0x000003c2,标准帧,数据帧,0x08,7F FF FF FE 00 12 05 32 ,
525310,接收,15:19:09.060.0,0x000003c2,标准帧,数据帧,0x08,7F FF FF FE 00 12 05 32 ,
525311,接收,15:19:09.076.0,0x000003c2,标准帧,数据帧,0x08,7F FF FF FE 00 12 05 32 ,
525312,接收,15:19:09.092.0,0x000003c2,标准帧,数据帧,0x08,7F FF FF FE 00 12 05 32 ,
525313,接收,15:19:09.092.0,0x000003c2,标准帧,数据帧,0x08,7F FF FF FE 00 12 05 32 ,
525314,接收,15:19:09.108.0,0x000003c2,标准帧,数据帧,0x08,7F FF FF FE 00 12 05 32 ,
525315,接收,15:19:09.108.0,0x000003c2,标准帧,数据帧,0x08,7F FF FF FF 00 12 05 32 ,
525316,接收,15:19:09.123.0,0x000003c2,标准帧,数据帧,0x08,80 00 00 00 00 12 05 32 ,
525317,接收,15:19:09.139.0,0x000003c2,标准帧,数据帧,0x08,7F FF FF FF 00 12 05 32 ,
525318,接收,15:19:09.139.0,0x000003c2,标准帧,数据帧,0x08,7F FF FF FD 00 12 05 32 ,
525319,接收,15:19:09.155.0,0x000003c2,标准帧,数据帧,0x08,7F FF FF FD 00 12 05 32 ,
525320,接收,15:19:09.171.0,0x000003c2,标准帧,数据帧,0x08,7F FF FF FE 00 12 05 32 ,
525321,接收,15:19:09.171.0,0x000003c2,标准帧,数据帧,0x08,7F FF FF FF 00 12 05 32 ,
525322,接收,15:19:09.185.0,0x000003c2,标准帧,数据帧,0x08,80 00 00 00 00 12 05 32 ,
525323,接收,15:19:09.202.0,0x000003c2,标准帧,数据帧,0x08,80 00 00 01 00 12 05 32 ,
525324,接收,15:19:09.202.0,0x000003c2,标准帧,数据帧,0x08,80 00 00 02 00 12 05 32 ,
525325,接收,15:19:09.217.0,0x000003c2,标准帧,数据帧,0x08,80 00 00 01 00 12 05 32 ,
525326,接收,15:19:09.217.0,0x000003c2,标准帧,数据帧,0x08,7F FF FF FF 00 12 05 32 ,
525327,接收,15:19:09.232.0,0x000003c2,标准帧,数据帧,0x08,7F FF FF FE 00 12 05 32 ,
525328,接收,15:19:09.247.0,0x000003c2,标准帧,数据帧,0x08,7F FF FF FD 00 12 05 32 ,
525329,接收,15:19:09.247.0,0x000003c2,标准帧,数据帧,0x08,7F FF FF FD 00 12 05 32 ,
525330,接收,15:19:09.263.0,0x000003c2,标准帧,数据帧,0x08,7F FF FF FE 00 12 05 32 ,
525331,接收,15:19:09.279.0,0x000003c2,标准帧,数据帧,0x08,80 00 00 00 00 12 05 32 ,
525332,接收,15:19:09.279.0,0x000003c2,标准帧,数据帧,0x08,80 00 00 01 00 12 05 32 ,
525333,接收,15:19:09.294.0,0x000003c2,标准帧,数据帧,0x08,80 00 00 00 00 12 05 32 ,
525334,接收,15:19:09.310.0,0x000003c2,标准帧,数据帧,0x08,7F FF FF FF 00 12 05 32 ,
525335,接收,15:19:09.310.0,0x000003c2,标准帧,数据帧,0x08,7F FF FF FF 00 12 05 32 ,
525336,接收,15:19:09.325.0,0x000003c2,标准帧,数据帧,0x08,80 00 00 00 00 12 05 32 ,
525337,接收,15:19:09.340.0,0x000003c2,标准帧,数据帧,0x08,80 00 00 01 00 12 05 32 ,
525338,接收,15:19:09.340.0,0x000003c2,标准帧,数据帧,0x08,80 00 00 02 00 12 05 32 ,
525339,接收,15:19:09.356.0,0x000003c2,标准帧,数据帧,0x08,80 00 00 02 00 12 05 32 ,
525340,接收,15:19:09.356.0,0x000003c2,标准帧,数据帧,0x08,80 00 00 00 00 12 05 32 ,
525341,接收,15:19:09.372.0,0x000003c2,标准帧,数据帧,0x08,7F FF FF FF 00 12 05 32 ,
525342,接收,15:19:09.388.0,0x000003c2,标准帧,数据帧,0x08,7F FF FF FE 00 12 05 32 ,
525343,接收,15:19:09.388.0,0x000003c2,标准帧,数据帧,0x08,7F FF FF FE 00 12 05 32 ,
525344,接收,15:19:09.403.0,0x000003c2,标准帧,数据帧,0x08,7F FF FF FE 00 12 05 32 ,
525345,接收,15:19:09.419.0,0x000003c2,标准帧,数据帧,0x08,7F FF FF FF 00 12 05 32 ,
525346,接收,15:19:09.419.0,0x000003c2,标准帧,数据帧,0x08,7F FF FF FF 00 12 05 32 ,
525347,接收,15:19:09.434.0,0x000003c2,标准帧,数据帧,0x08,7F FF FF FF 00 12 05 32 ,
525348,接收,15:19:09.450.0,0x000003c2,标准帧,数据帧,0x08,7F FF FF FF 00 12 05 32 ,
525349,接收,15:19:09.450.0,0x000003c2,标准帧,数据帧,0x08,80 00 00 00 00 12 05 32 ,
525350,接收,15:19:09.465.0,0x000003c2,标准帧,数据帧,0x08,80 00 00 01 00 12 05 32 ,
525351,接收,15:19:09.466.0,0x000003c2,标准帧,数据帧,0x08,80 00 00 00 00 12 05 32 ,
525352,接收,15:19:09.480.0,0x000003c2,标准帧,数据帧,0x08,7F FF FF FF 00 12 05 32 ,
525353,接收,15:19:09.496.0,0x000003c2,标准帧,数据帧,0x08,7F FF FF FF 00 12 05 32 ,
525354,接收,15:19:09.496.0,0x000003c2,标准帧,数据帧,0x08,7F FF FF FF 00 12 05 32 ,
525355,接收,15:19:09.511.0,0x000003c2,标准帧,数据帧,0x08,7F FF FF FF 00 12 05 32 ,
525356,接收,15:19:09.527.0,0x000003c2,标准帧,数据帧,0x08,7F FF FF FF 00 12 05 32 ,
525357,接收,15:19:09.527.0,0x000003c2,标准帧,数据帧,0x08,7F FF FF FF 00 12 05 32 ,
525358,接收,15:19:09.543.0,0x000003c2,标准帧,数据帧,0x08,7F FF FF FF 00 12 05 32 ,
525359,接收,15:19:09.559.0,0x000003c2,标准帧,数据帧,0x08,7F FF FF FF 00 12 05 32 ,
525360,接收,15:19:09.559.0,0x000003c2,标准帧,数据帧,0x08,7F FF FF FF 00 12 05 32 ,
525361,接收,15:19:09.574.0,0x000003c2,标准帧,数据帧,0x08,80 00 00 00 00 12 05 32 ,
525362,接收,15:19:09.590.0,0x000003c2,标准帧,数据帧,0x08,7F FF FF FF 00 12 05 32 ,
525363,接收,15:19:09.590.0,0x000003c2,标准帧,数据帧,0x08,7F FF FF FE 00 12 05 32 ,
525364,接收,15:19:09.605.0,0x000003c2,标准帧,数据帧,0x08,7F FF FF FD 00 12 05 32 ,
525365,接收,15:19:09.605.0,0x000003c2,标准帧,数据帧,0x08,7F FF FF FD 00 12 05 32 ,
525366,接收,15:19:09.621.0,0x000003c2,标准帧,数据帧,0x08,7F FF FF FE 00 12 05 32 ,
525367,接收,15:19:09.636.0,0x000003c2,标准帧,数据帧,0x08,7F FF FF FD 00 12 05 32 ,
525368,接收,15:19:09.636.0,0x000003c2,标准帧,数据帧,0x08,7F FF FF FB 00 12 05 32 ,
525369,接收,15:19:09.652.0,0x000003c2,标准帧,数据帧,0x08,7F FF FF FA 00 12 05 32 ,
525370,接收,15:19:09.668.0,0x000003c2,标准帧,数据帧,0x08,7F FF FF FA 00 12 05 32 ,
525371,接收,15:19:09.668.0,0x000003c2,标准帧,数据帧,0x08,7F FF FF FB 00 12 05 32 ,
525372,接收,15:19:09.683.0,0x000003c2,标准帧,数据帧,0x08,7F FF FF FC 00 12 05 32 ,
525373,接收,15:19:09.699.0,0x000003c2,标准帧,数据帧,0x08,7F FF FF FC 00 12 05 32 ,
525374,接收,15:19:09.699.0,0x000003c2,标准帧,数据帧,0x08,7F FF FF FC 00 12 05 32 ,
525375,接收,15:19:09.715.0,0x000003c2,标准帧,数据帧,0x08,7F FF FF FD 00 12 05 32 ,
525376,接收,15:19:09.715.0,0x000003c2,标准帧,数据帧,0x08,7F FF FF FD 00 12 05 32 ,
525377,接收,15:19:09.730.0,0x000003c2,标准帧,数据帧,0x08,7F FF FF FE 00 12 05 32 ,
525378,接收,15:19:09.746.0,0x000003c2,标准帧,数据帧,0x08,7F FF FF FE 00 12 05 32 ,
525379,接收,15:19:09.746.0,0x000003c2,标准帧,数据帧,0x08,7F FF FF FE 00 12 05 32 ,
525380,接收,15:19:09.761.0,0x000003c2,标准帧,数据帧,0x08,7F FF FF FE 00 12 05 32 ,
525381,接收,15:19:09.777.0,0x000003c2,标准帧,数据帧,0x08,7F FF FF FE 00 12 05 32 ,
525382,接收,15:19:09.777.0,0x000003c2,标准帧,数据帧,0x08,7F FF FF FE 00 12 05 32 ,
525383,接收,15:19:09.793.0,0x000003c2,标准帧,数据帧,0x08,7F FF FF FE 00 12 05 32 ,
525384,接收,15:19:09.808.0,0x000003c2,标准帧,数据帧,0x08,7F FF FF FE 00 12 05 32 ,
525385,接收,15:19:09.808.0,0x000003c2,标准帧,数据帧,0x08,7F FF FF FD 00 12 05 32 ,
525386,接收,15:19:09.824.0,0x000003c2,标准帧,数据帧,0x08,7F FF FF FF 00 12 05 32 ,
525387,接收,15:19:09.839.0,0x000003c2,标准帧,数据帧,0x08,80 00 00 00 00 12 05 32 ,
525388,接收,15:19:09.839.0,0x000003c2,标准帧,数据帧,0x08,80 00 00 00 00 12 05 32 ,
525389,接收,15:19:09.855.0,0x000003c2,标准帧,数据帧,0x08,80 00 00 01 00 12 05 32 ,
525390,接收,15:19:09.855.0,0x000003c2,标准帧,数据帧,0x08,80 00 00 02 00 12 05 32 ,
525391,接收,15:19:09.871.0,0x000003c2,标准帧,数据帧,0x08,80 00 00 02 00 12 05 32 ,
525392,接收,15:19:09.886.0,0x000003c2,标准帧,数据帧,0x08,80 00 00 01 00 12 05 32 ,
525393,接收,15:19:09.886.0,0x000003c2,标准帧,数据帧,0x08,80 00 00 00 00 12 05 32 ,
525394,接收,15:19:09.902.0,0x000003c2,标准帧,数据帧,0x08,7F FF FF FF 00 12 05 32 ,
525395,接收,15:19:09.918.0,0x000003c2,标准帧,数据帧,0x08,7F FF FF FC 00 12 05 32 ,
525396,接收,15:19:09.918.0,0x000003c2,标准帧,数据帧,0x08,7F FF FF FB 00 12 05 32 ,
525397,接收,15:19:09.934.0,0x000003c2,标准帧,数据帧,0x08,7F FF FF FC 00 12 05 32 ,
525398,接收,15:19:09.934.0,0x000003c2,标准帧,数据帧,0x08,7F FF FF FE 00 12 05 32 ,
525399,接收,15:19:09.950.0,0x000003c2,标准帧,数据帧,0x08,80 00 00 00 00 12 05 32 ,
525400,接收,15:19:09.965.0,0x000003c2,标准帧,数据帧,0x08,7F FF FF FF 00 12 05 32 ,
525401,接收,15:19:09.965.0,0x000003c2,标准帧,数据帧,0x08,7F FF FF FF 00 12 05 32 ,
525402,接收,15:19:09.981.0,0x000003c2,标准帧,数据帧,0x08,80 00 00 00 00 12 05 32 ,
525403,接收,15:19:09.997.0,0x000003c2,标准帧,数据帧,0x08,7F FF FF FF 00 12 05 32 ,
525404,接收,15:19:09.997.0,0x000003c2,标准帧,数据帧,0x08,7F FF FF FD 00 12 05 32 ,
525405,接收,15:19:10.013.0,0x000003c2,标准帧,数据帧,0x08,7F FF FF FC 00 12 05 32 ,
525406,接收,15:19:10.029.0,0x000003c2,标准帧,数据帧,0x08,7F FF FF FD 00 12 05 32 ,
525407,接收,15:19:10.029.0,0x000003c2,标准帧,数据帧,0x08,7F FF FF FD 00 12 05 32 ,
525408,接收,15:19:10.044.0,0x000003c2,标准帧,数据帧,0x08,7F FF FF FC 00 12 05 32 ,
525409,接收,15:19:10.044.0,0x000003c2,标准帧,数据帧,0x08,7F FF FF FC 00 12 05 32 ,
525410,接收,15:19:10.060.0,0x000003c2,标准帧,数据帧,0x08,7F FF FF FD 00 12 05 32 ,
525411,接收,15:19:10.076.0,0x000003c2,标准帧,数据帧,0x08,7F FF FF FF 00 12 05 32 ,
525412,接收,15:19:10.076.0,0x000003c2,标准帧,数据帧,0x08,80 00 00 00 00 12 05 32 ,
525413,接收,15:19:10.091.0,0x000003c2,标准帧,数据帧,0x08,7F FF FF FF 00 12 05 32 ,
525414,接收,15:19:10.106.0,0x000003c2,标准帧,数据帧,0x08,7F FF FF FD 00 12 05 32 ,
525415,接收,15:19:10.106.0,0x000003c2,标准帧,数据帧,0x08,7F FF FF FA 00 12 05 32 ,
525416,接收,15:19:10.122.0,0x000003c2,标准帧,数据帧,0x08,7F FF FF F9 00 12 05 32 ,
525417,接收,15:19:10.138.0,0x000003c2,标准帧,数据帧,0x08,7F FF FF FA 00 12 05 32 ,
525418,接收,15:19:10.138.0,0x000003c2,标准帧,数据帧,0x08,7F FF FF FC 00 12 05 32 ,
525419,接收,15:19:10.154.0,0x000003c2,标准帧,数据帧,0x08,7F FF FF FD 00 12 05 32 ,
525420,接收,15:19:10.154.0,0x000003c2,标准帧,数据帧,0x08,7F FF FF FD 00 12 05 32 ,
525421,接收,15:19:10.169.0,0x000003c2,标准帧,数据帧,0x08,7F FF FF FD 00 12 05 32 ,
525422,接收,15:19:10.185.0,0x000003c2,标准帧,数据帧,0x08,7F FF FF FD 00 12 05 32 ,
525423,接收,15:19:10.185.0,0x000003c2,标准帧,数据帧,0x08,7F FF FF FD 00 12 05 32 ,
525424,接收,15:19:10.200.0,0x000003c2,标准帧,数据帧,0x08,7F FF FF FD 00 12 05 32 ,
525425,接收,15:19:10.215.0,0x000003c2,标准帧,数据帧,0x08,7F FF FF FC 00 12 05 32 ,
525426,接收,15:19:10.215.0,0x000003c2,标准帧,数据帧,0x08,7F FF FF FD 00 12 05 32 ,
525427,接收,15:19:10.230.0,0x000003c2,标准帧,数据帧,0x08,7F FF FF FD 00 12 05 32 ,
525428,接收,15:19:10.246.0,0x000003c2,标准帧,数据帧,0x08,7F FF FF FD 00 12 05 32 ,
525429,接收,15:19:10.246.0,0x000003c2,标准帧,数据帧,0x08,7F FF FF FD 00 12 05 32 ,
525430,接收,15:19:10.261.0,0x000003c2,标准帧,数据帧,0x08,7F FF FF FE 00 12 05 32 ,
525431,接收,15:19:10.278.0,0x000003c2,标准帧,数据帧,0x08,7F FF FF FF 00 12 05 32 ,
525432,接收,15:19:10.278.0,0x000003c2,标准帧,数据帧,0x08,7F FF FF FF 00 12 05 32 ,
525433,接收,15:19:10.292.0,0x000003c2,标准帧,数据帧,0x08,7F FF FF FF 00 12 05 32 ,
525434,接收,15:19:10.293.0,0x000003c2,标准帧,数据帧,0x08,7F FF FF FF 00 12 05 32 ,
525435,接收,15:19:10.308.0,0x000003c2,标准帧,数据帧,0x08,7F FF FF FF 00 12 05 32 ,
525436,接收,15:19:10.324.0,0x000003c2,标准帧,数据帧,0x08,7F FF FF FE 00 12 05 32 ,
525437,接收,15:19:10.324.0,0x000003c2,标准帧,数据帧,0x08,7F FF FF FE 00 12 05 32 ,
525438,接收,15:19:10.340.0,0x000003c2,标准帧,数据帧,0x08,7F FF FF FE 00 12 05 32 ,
525439,接收,15:19:10.355.0,0x000003c2,标准帧,数据帧,0x08,7F FF FF FE 00 12 05 32 ,
525440,接收,15:19:10.355.0,0x000003c2,标准帧,数据帧,0x08,7F FF FF FE 00 12 05 32 ,
525441,接收,15:19:10.371.0,0x000003c2,标准帧,数据帧,0x08,7F FF FF FF 00 12 05 32 ,
525442,接收,15:19:10.386.0,0x000003c2,标准帧,数据帧,0x08,7F FF FF FF 00 12 05 32 ,
525443,接收,15:19:10.386.0,0x000003c2,标准帧,数据帧,0x08,80 00 00 00 00 12 05 32 ,
525444,接收,15:19:10.402.0,0x000003c2,标准帧,数据帧,0x08,80 00 00 01 00 12 05 32 ,
525445,接收,15:19:10.417.0,0x000003c2,标准帧,数据帧,0x08,80 00 00 01 00 12 05 32 ,
525446,接收,15:19:10.417.0,0x000003c2,标准帧,数据帧,0x08,80 00 00 01 00 12 05 32 ,
525447,接收,15:19:10.432.0,0x000003c2,标准帧,数据帧,0x08,80 00 00 01 00 12 05 32 ,
525448,接收,15:19:10.432.0,0x000003c2,标准帧,数据帧,0x08,80 00 00 01 00 12 05 32 ,
525449,接收,15:19:10.448.0,0x000003c2,标准帧,数据帧,0x08,7F FF FF FF 00 12 05 32 ,
525450,接收,15:19:10.464.0,0x000003c2,标准帧,数据帧,0x08,7F FF FF FE 00 12 05 32 ,
525451,接收,15:19:10.464.0,0x000003c2,标准帧,数据帧,0x08,7F FF FF FD 00 12 05 32 ,
525452,接收,15:19:10.479.0,0x000003c2,标准帧,数据帧,0x08,7F FF FF FE 00 12 05 32 ,
525453,接收,15:19:10.495.0,0x000003c2,标准帧,数据帧,0x08,80 00 00 00 00 12 05 32 ,
525454,接收,15:19:10.495.0,0x000003c2,标准帧,数据帧,0x08,80 00 00 01 00 12 05 32 ,
525455,接收,15:19:10.511.0,0x000003c2,标准帧,数据帧,0x08,80 00 00 02 00 12 05 32 ,
525456,接收,15:19:10.527.0,0x000003c2,标准帧,数据帧,0x08,80 00 00 01 00 12 05 32 ,
525457,接收,15:19:10.527.0,0x000003c2,标准帧,数据帧,0x08,80 00 00 00 00 12 05 32 ,
525458,接收,15:19:10.542.0,0x000003c2,标准帧,数据帧,0x08,7F FF FF FF 00 12 05 32 ,
525459,接收,15:19:10.542.0,0x000003c2,标准帧,数据帧,0x08,7F FF FF FE 00 12 05 32 ,
525460,接收,15:19:10.558.0,0x000003c2,标准帧,数据帧,0x08,7F FF FF FD 00 12 05 32 ,
525461,接收,15:19:10.574.0,0x000003c2,标准帧,数据帧,0x08,7F FF FF FE 00 12 05 32 ,
525462,接收,15:19:10.574.0,0x000003c2,标准帧,数据帧,0x08,80 00 00 00 00 12 05 32 ,
525463,接收,15:19:10.590.0,0x000003c2,标准帧,数据帧,0x08,80 00 00 00 00 12 05 32 ,
525464,接收,15:19:10.606.0,0x000003c2,标准帧,数据帧,0x08,7F FF FF FF 00 12 05 32 ,
525465,接收,15:19:10.606.0,0x000003c2,标准帧,数据帧,0x08,7F FF FF FE 00 12 05 32 ,
525466,接收,15:19:10.621.0,0x000003c2,标准帧,数据帧,0x08,7F FF FF FC 00 12 05 32 ,
525467,接收,15:19:10.636.0,0x000003c2,标准帧,数据帧,0x08,7F FF FF FC 00 12 05 32 ,
525468,接收,15:19:10.636.0,0x000003c2,标准帧,数据帧,0x08,7F FF FF FC 00 12 05 32 ,
525469,接收,15:19:10.651.0,0x000003c2,标准帧,数据帧,0x08,7F FF FF FC 00 12 05 32 ,
525470,接收,15:19:10.667.0,0x000003c2,标准帧,数据帧,0x08,7F FF FF FC 00 12 05 32 ,
525471,接收,15:19:10.667.0,0x000003c2,标准帧,数据帧,0x08,7F FF FF FC 00 12 05 32 ,
525472,接收,15:19:10.683.0,0x000003c2,标准帧,数据帧,0x08,7F FF FF FC 00 12 05 32 ,
525473,接收,15:19:10.683.0,0x000003c2,标准帧,数据帧,0x08,7F FF FF FD 00 12 05 32 ,
525474,接收,15:19:10.698.0,0x000003c2,标准帧,数据帧,0x08,7F FF FF FD 00 12 05 32 ,
525475,接收,15:19:10.714.0,0x000003c2,标准帧,数据帧,0x08,7F FF FF FE 00 12 05 32 ,
525476,接收,15:19:10.714.0,0x000003c2,标准帧,数据帧,0x08,7F FF FF FE 00 12 05 32 ,
525477,接收,15:19:10.729.0,0x000003c2,标准帧,数据帧,0x08,7F FF FF FE 00 12 05 32 ,
525478,接收,15:19:10.745.0,0x000003c2,标准帧,数据帧,0x08,7F FF FF FE 00 12 05 32 ,
525479,接收,15:19:10.745.0,0x000003c2,标准帧,数据帧,0x08,7F FF FF FE 00 12 05 32 ,
525480,接收,15:19:10.760.0,0x000003c2,标准帧,数据帧,0x08,7F FF FF FE 00 12 05 32 ,
525481,接收,15:19:10.776.0,0x000003c2,标准帧,数据帧,0x08,7F FF FF FD 00 12 05 32 ,
525482,接收,15:19:10.776.0,0x000003c2,标准帧,数据帧,0x08,7F FF FF FE 00 12 05 32 ,
525483,接收,15:19:10.792.0,0x000003c2,标准帧,数据帧,0x08,7F FF FF FE 00 12 05 32 ,
525484,接收,15:19:10.792.0,0x000003c2,标准帧,数据帧,0x08,7F FF FF FF 00 12 05 32 ,
525485,接收,15:19:10.808.0,0x000003c2,标准帧,数据帧,0x08,7F FF FF FF 00 12 05 32 ,
525486,接收,15:19:10.824.0,0x000003c2,标准帧,数据帧,0x08,7F FF FF FF 00 12 05 32 ,
525487,接收,15:19:10.824.0,0x000003c2,标准帧,数据帧,0x08,7F FF FF FF 00 12 05 32 ,
525488,接收,15:19:10.840.0,0x000003c2,标准帧,数据帧,0x08,80 00 00 00 00 12 05 32 ,
525489,接收,15:19:10.855.0,0x000003c2,标准帧,数据帧,0x08,80 00 00 00 00 12 05 32 ,
525490,接收,15:19:10.855.0,0x000003c2,标准帧,数据帧,0x08,7F FF FF FF 00 12 05 32 ,
525491,接收,15:19:10.870.0,0x000003c2,标准帧,数据帧,0x08,7F FF FF FE 00 12 05 32 ,
525492,接收,15:19:10.871.0,0x000003c2,标准帧,数据帧,0x08,7F FF FF FE 00 12 05 32 ,
525493,接收,15:19:10.885.0,0x000003c2,标准帧,数据帧,0x08,7F FF FF FF 00 12 05 32 ,
525494,接收,15:19:10.901.0,0x000003c2,标准帧,数据帧,0x08,80 00 00 00 00 12 05 32 ,
525495,接收,15:19:10.901.0,0x000003c2,标准帧,数据帧,0x08,80 00 00 00 00 12 05 32 ,
525496,接收,15:19:10.917.0,0x000003c2,标准帧,数据帧,0x08,80 00 00 00 00 12 05 32 ,
525497,接收,15:19:10.933.0,0x000003c2,标准帧,数据帧,0x08,7F FF FF FF 00 12 05 32 ,
525498,接收,15:19:10.933.0,0x000003c2,标准帧,数据帧,0x08,7F FF FF FF 00 12 05 32 ,
525499,接收,15:19:10.948.0,0x000003c2,标准帧,数据帧,0x08,7F FF FF FF 00 12 05 32 ,
525500,接收,15:19:10.964.0,0x000003c2,标准帧,数据帧,0x08,80 00 00 00 00 12 05 32 ,
525501,接收,15:19:10.964.0,0x000003c2,标准帧,数据帧,0x08,7F FF FF FF 00 12 05 32 ,
525502,接收,15:19:10.980.0,0x000003c2,标准帧,数据帧,0x08,7F FF FF FF 00 12 05 32 ,
525503,接收,15:19:10.980.0,0x000003c2,标准帧,数据帧,0x08,7F FF FF FF 00 12 05 32 ,
525504,接收,15:19:10.996.0,0x000003c2,标准帧,数据帧,0x08,7F FF FF FF 00 12 05 32 ,
525505,接收,15:19:11.011.0,0x000003c2,标准帧,数据帧,0x08,7F FF FF FF 00 12 05 32 ,
525506,接收,15:19:11.011.0,0x000003c2,标准帧,数据帧,0x08,7F FF FF FF 00 12 05 32 ,
525507,接收,15:19:11.027.0,0x000003c2,标准帧,数据帧,0x08,80 00 00 00 00 12 05 32 ,
525508,接收,15:19:11.043.0,0x000003c2,标准帧,数据帧,0x08,80 00 00 01 00 12 05 32 ,
525509,接收,15:19:11.043.0,0x000003c2,标准帧,数据帧,0x08,80 00 00 00 00 12 05 32 ,
525510,接收,15:19:11.058.0,0x000003c2,标准帧,数据帧,0x08,80 00 00 00 00 12 05 32 ,
525511,接收,15:19:11.074.0,0x000003c2,标准帧,数据帧,0x08,80 00 00 00 00 12 05 32 ,
525512,接收,15:19:11.074.0,0x000003c2,标准帧,数据帧,0x08,7F FF FF FF 00 12 05 32 ,
525513,接收,15:19:11.089.0,0x000003c2,标准帧,数据帧,0x08,7F FF FF FE 00 12 05 32 ,
525514,接收,15:19:11.104.0,0x000003c2,标准帧,数据帧,0x08,7F FF FF FE 00 12 05 32 ,
525515,接收,15:19:11.104.0,0x000003c2,标准帧,数据帧,0x08,7F FF FF FE 00 12 05 32 ,
525516,接收,15:19:11.120.0,0x000003c2,标准帧,数据帧,0x08,7F FF FF FF 00 12 05 32 ,
525517,接收,15:19:11.120.0,0x000003c2,标准帧,数据帧,0x08,7F FF FF FF 00 12 05 32 ,
525518,接收,15:19:11.135.0,0x000003c2,标准帧,数据帧,0x08,7F FF FF FF 00 12 05 32 ,
525519,接收,15:19:11.151.0,0x000003c2,标准帧,数据帧,0x08,7F FF FF FF 00 12 05 32 ,
525520,接收,15:19:11.151.0,0x000003c2,标准帧,数据帧,0x08,7F FF FF FE 00 12 05 32 ,
525521,接收,15:19:11.166.0,0x000003c2,标准帧,数据帧,0x08,7F FF FF FE 00 12 05 32 ,
525522,接收,15:19:11.182.0,0x000003c2,标准帧,数据帧,0x08,7F FF FF FE 00 12 05 32 ,
525523,接收,15:19:11.182.0,0x000003c2,标准帧,数据帧,0x08,7F FF FF FD 00 12 05 32 ,
525524,接收,15:19:11.197.0,0x000003c2,标准帧,数据帧,0x08,7F FF FF FC 00 12 05 32 ,
525525,接收,15:19:11.213.0,0x000003c2,标准帧,数据帧,0x08,7F FF FF FC 00 12 05 32 ,
525526,接收,15:19:11.213.0,0x000003c2,标准帧,数据帧,0x08,7F FF FF FC 00 12 05 32 ,
525527,接收,15:19:11.229.0,0x000003c2,标准帧,数据帧,0x08,7F FF FF FC 00 12 05 32 ,
525528,接收,15:19:11.229.0,0x000003c2,标准帧,数据帧,0x08,7F FF FF FC 00 12 05 32 ,
525529,接收,15:19:11.245.0,0x000003c2,标准帧,数据帧,0x08,7F FF FF FD 00 12 05 32 ,
525530,接收,15:19:11.260.0,0x000003c2,标准帧,数据帧,0x08,7F FF FF FD 00 12 05 32 ,
525531,接收,15:19:11.260.0,0x000003c2,标准帧,数据帧,0x08,7F FF FF FE 00 12 05 32 ,
525532,接收,15:19:11.275.0,0x000003c2,标准帧,数据帧,0x08,7F FF FF FF 00 12 05 32 ,
525533,接收,15:19:11.291.0,0x000003c2,标准帧,数据帧,0x08,7F FF FF FF 00 12 05 32 ,
525534,接收,15:19:11.291.0,0x000003c2,标准帧,数据帧,0x08,7F FF FF FE 00 12 05 32 ,
525535,接收,15:19:11.306.0,0x000003c2,标准帧,数据帧,0x08,7F FF FF FE 00 12 05 32 ,
525536,接收,15:19:11.322.0,0x000003c2,标准帧,数据帧,0x08,7F FF FF FF 00 12 05 32 ,
525537,接收,15:19:11.322.0,0x000003c2,标准帧,数据帧,0x08,7F FF FF FE 00 12 05 32 ,
525538,接收,15:19:11.337.0,0x000003c2,标准帧,数据帧,0x08,7F FF FF FC 00 12 05 32 ,
525539,接收,15:19:11.353.0,0x000003c2,标准帧,数据帧,0x08,7F FF FF FC 00 12 05 32 ,
525540,接收,15:19:11.353.0,0x000003c2,标准帧,数据帧,0x08,7F FF FF FD 00 12 05 32 ,
525541,接收,15:19:11.369.0,0x000003c2,标准帧,数据帧,0x08,7F FF FF FE 00 12 05 32 ,
525542,接收,15:19:11.369.0,0x000003c2,标准帧,数据帧,0x08,7F FF FF FF 00 12 05 32 ,
525543,接收,15:19:11.385.0,0x000003c2,标准帧,数据帧,0x08,7F FF FF FF 00 12 05 32 ,
525544,接收,15:19:11.400.0,0x000003c2,标准帧,数据帧,0x08,7F FF FF FF 00 12 05 32 ,
525545,接收,15:19:11.400.0,0x000003c2,标准帧,数据帧,0x08,7F FF FF FF 00 12 05 32 ,
525546,接收,15:19:11.416.0,0x000003c2,标准帧,数据帧,0x08,80 00 00 00 00 12 05 32 ,
525547,接收,15:19:11.431.0,0x000003c2,标准帧,数据帧,0x08,80 00 00 01 00 12 05 32 ,
525548,接收,15:19:11.431.0,0x000003c2,标准帧,数据帧,0x08,80 00 00 00 00 12 05 32 ,
525549,接收,15:19:11.447.0,0x000003c2,标准帧,数据帧,0x08,7F FF FF FF 00 12 05 32 ,
525550,接收,15:19:11.463.0,0x000003c2,标准帧,数据帧,0x08,7F FF FF FF 00 12 05 32 ,
525551,接收,15:19:11.463.0,0x000003c2,标准帧,数据帧,0x08,7F FF FF FF 00 12 05 32 ,
525552,接收,15:19:11.479.0,0x000003c2,标准帧,数据帧,0x08,7F FF FF FF 00 12 05 32 ,
525553,接收,15:19:11.479.0,0x000003c2,标准帧,数据帧,0x08,7F FF FF FF 00 12 05 32 ,
525554,接收,15:19:11.494.0,0x000003c2,标准帧,数据帧,0x08,7F FF FF FE 00 12 05 32 ,
525555,接收,15:19:11.511.0,0x000003c2,标准帧,数据帧,0x08,7F FF FF FD 00 12 05 32 ,
525556,接收,15:19:11.511.0,0x000003c2,标准帧,数据帧,0x08,7F FF FF FC 00 12 05 32 ,
525557,接收,15:19:11.526.0,0x000003c2,标准帧,数据帧,0x08,7F FF FF FB 00 12 05 32 ,
525558,接收,15:19:11.542.0,0x000003c2,标准帧,数据帧,0x08,7F FF FF FA 00 12 05 32 ,
525559,接收,15:19:11.542.0,0x000003c2,标准帧,数据帧,0x08,7F FF FF FC 00 12 05 32 ,
525560,接收,15:19:11.558.0,0x000003c2,标准帧,数据帧,0x08,7F FF FF FD 00 12 05 32 ,
525561,接收,15:19:11.573.0,0x000003c2,标准帧,数据帧,0x08,7F FF FF FF 00 12 05 32 ,
525562,接收,15:19:11.573.0,0x000003c2,标准帧,数据帧,0x08,80 00 00 00 00 12 05 32 ,
525563,接收,15:19:11.588.0,0x000003c2,标准帧,数据帧,0x08,80 00 00 01 00 12 05 32 ,
525564,接收,15:19:11.588.0,0x000003c2,标准帧,数据帧,0x08,80 00 00 01 00 12 05 32 ,
525565,接收,15:19:11.605.0,0x000003c2,标准帧,数据帧,0x08,7F FF FF FF 00 12 05 32 ,
